expression,reading,romaji,meaningKo,partOfSpeech,level
床,ゆか,yuka,뜻 자동 생성 필요,미분류,N3
実,み,mi,뜻 자동 생성 필요,미분류,N3
節,ふし,fushi,뜻 자동 생성 필요,미분류,N3
文,ぶん,bun,뜻 자동 생성 필요,미분류,N3
値,ね,ne,뜻 자동 생성 필요,미분류,N3
象,ぞう,zou,뜻 자동 생성 필요,미분류,N3
利口,りこう,rikou,뜻 자동 생성 필요,미분류,N3
角,つの,tsuno,뜻 자동 생성 필요,미분류,N3
御,お,o,뜻 자동 생성 필요,미분류,N3
吐く,はく,haku,뜻 자동 생성 필요,미분류,N3
様,よう,you,뜻 자동 생성 필요,미분류,N3
面,めん,men,뜻 자동 생성 필요,미분류,N3
印,しるし,shirushi,뜻 자동 생성 필요,미분류,N3
仏,ほとけ,hotoke,뜻 자동 생성 필요,미분류,N3
会,かい,kai,뜻 자동 생성 필요,미분류,N3
輪,わ,wa,뜻 자동 생성 필요,미분류,N3
敵,てき,teki,뜻 자동 생성 필요,미분류,N3
夜中,よなか,yonaka,뜻 자동 생성 필요,미분류,N3
土産,みやげ,miyage,뜻 자동 생성 필요,미분류,N3
玉,たま,tama,뜻 자동 생성 필요,미분류,N3
頃,ころ,koro,뜻 자동 생성 필요,미분류,N3
例,れい,rei,뜻 자동 생성 필요,미분류,N3
地方,ちほう,chihou,뜻 자동 생성 필요,미분류,N3
縁,ふち,fuchi,뜻 자동 생성 필요,미분류,N3
原,はら,hara,뜻 자동 생성 필요,미분류,N3
骨,ほね,hone,뜻 자동 생성 필요,미분류,N3
際,さい,sai,뜻 자동 생성 필요,미분류,N3
作物,さくもつ,sakumotsu,뜻 자동 생성 필요,미분류,N3
氏,し,shi,뜻 자동 생성 필요,미분류,N3
種,たね,tane,뜻 자동 생성 필요,미분류,N3
生,なま,nama,뜻 자동 생성 필요,미분류,N3
然も,しかも,shikamo,뜻 자동 생성 필요,미분류,N3
末,すえ,sue,뜻 자동 생성 필요,미분류,N3
役,やく,yaku,뜻 자동 생성 필요,미분류,N3
七,しち,shichi,뜻 자동 생성 필요,미분류,N3
以来,いらい,irai,뜻 자동 생성 필요,미분류,N3
委員,いいん,iin,뜻 자동 생성 필요,미분류,N3
維持,いじ,iji,뜻 자동 생성 필요,미분류,N3
違反,いはん,ihan,뜻 자동 생성 필요,미분류,N3
医療,いりょう,iryou,뜻 자동 생성 필요,미분류,N3
一般,いっぱん,ippan,뜻 자동 생성 필요,미분류,N3
一方,いっぽう,ippou,뜻 자동 생성 필요,미분류,N3
運動,うんどう,undou,뜻 자동 생성 필요,미분류,N3
影響,えいきょう,eikyou,뜻 자동 생성 필요,미분류,N3
援助,えんじょ,enjo,뜻 자동 생성 필요,미분류,N3
価格,かかく,kakaku,뜻 자동 생성 필요,미분류,N3
可能,かのう,kanou,뜻 자동 생성 필요,미분류,N3
過去,かこ,kako,뜻 자동 생성 필요,미분류,N3
会員,かいいん,kaiin,뜻 자동 생성 필요,미분류,N3
解決,かいけつ,kaiketsu,뜻 자동 생성 필요,미분류,N3
回復,かいふく,kaifuku,뜻 자동 생성 필요,미분류,N3
海外,かいがい,kaigai,뜻 자동 생성 필요,미분류,N3
外交,がいこう,gaikou,뜻 자동 생성 필요,미분류,N3
拡大,かくだい,kakudai,뜻 자동 생성 필요,미분류,N3
活動,かつどう,katsudou,뜻 자동 생성 필요,미분류,N3
患者,かんじゃ,kanja,뜻 자동 생성 필요,미분류,N3
環境,かんきょう,kankyou,뜻 자동 생성 필요,미분류,N3
監督,かんとく,kantoku,뜻 자동 생성 필요,미분류,N3
管理,かんり,kanri,뜻 자동 생성 필요,미분류,N3
関心,かんしん,kanshin,뜻 자동 생성 필요,미분류,N3
関連,かんれん,kanren,뜻 자동 생성 필요,미분류,N3
企業,きぎょう,kigyou,뜻 자동 생성 필요,미분류,N3
基本,きほん,kihon,뜻 자동 생성 필요,미분류,N3
期間,きかん,kikan,뜻 자동 생성 필요,미분류,N3
期待,きたい,kitai,뜻 자동 생성 필요,미분류,N3
機関,きかん,kikan,뜻 자동 생성 필요,미분류,N3
機能,きのう,kinou,뜻 자동 생성 필요,미분류,N3
記事,きじ,kiji,뜻 자동 생성 필요,미분류,N3
記者,きしゃ,kisha,뜻 자동 생성 필요,미분류,N3
記録,きろく,kiroku,뜻 자동 생성 필요,미분류,N3
議員,ぎいん,giin,뜻 자동 생성 필요,미분류,N3
議会,ぎかい,gikai,뜻 자동 생성 필요,미분류,N3
議長,ぎちょう,gichou,뜻 자동 생성 필요,미분류,N3
教授,きょうじゅ,kyouju,뜻 자동 생성 필요,미분류,N3
筋,すじ,suji,뜻 자동 생성 필요,미분류,N3
金融,きんゆう,kinyuu,뜻 자동 생성 필요,미분류,N3
契約,けいやく,keiyaku,뜻 자동 생성 필요,미분류,N3
景気,けいき,keiki,뜻 자동 생성 필요,미분류,N3
経営,けいえい,keiei,뜻 자동 생성 필요,미분류,N3
計画,けいかく,keikaku,뜻 자동 생성 필요,미분류,N3
決定,けってい,kettei,뜻 자동 생성 필요,미분류,N3
結果,けっか,kekka,뜻 자동 생성 필요,미분류,N3
建設,けんせつ,kensetsu,뜻 자동 생성 필요,미분류,N3
憲法,けんぽう,kenpou,뜻 자동 생성 필요,미분류,N3
現在,げんざい,genzai,뜻 자동 생성 필요,미분류,N3
現実,げんじつ,genjitsu,뜻 자동 생성 필요,미분류,N3
現場,げんば,genba,뜻 자동 생성 필요,미분류,N3
言わば,いわば,iwaba,뜻 자동 생성 필요,미분류,N3
個人,こじん,kojin,뜻 자동 생성 필요,미분류,N3
候補,こうほ,kouho,뜻 자동 생성 필요,미분류,N3
効果,こうか,kouka,뜻 자동 생성 필요,미분류,N3
攻撃,こうげき,kougeki,뜻 자동 생성 필요,미분류,N3
考え,かんがえ,kangae,뜻 자동 생성 필요,미분류,N3
行動,こうどう,koudou,뜻 자동 생성 필요,미분류,N3
国家,こっか,kokka,뜻 자동 생성 필요,미분류,N3
国会,こっかい,kokkai,뜻 자동 생성 필요,미분류,N3
国民,こくみん,kokumin,뜻 자동 생성 필요,미분류,N3
今回,こんかい,konkai,뜻 자동 생성 필요,미분류,N3
今後,こんご,kongo,뜻 자동 생성 필요,미분류,N3
最も,もっとも,mottomo,뜻 자동 생성 필요,미분류,N3
最高,さいこう,saikou,뜻 자동 생성 필요,미분류,N3
最終,さいしゅう,saishuu,뜻 자동 생성 필요,미분류,N3
裁判,さいばん,saiban,뜻 자동 생성 필요,미분류,N3
作業,さぎょう,sagyou,뜻 자동 생성 필요,미분류,N3
作品,さくひん,sakuhin,뜻 자동 생성 필요,미분류,N3
参加,さんか,sanka,뜻 자동 생성 필요,미분류,N3
姿,すがた,sugata,뜻 자동 생성 필요,미분류,N3
市場,いちば,ichiba,뜻 자동 생성 필요,미분류,N3
指導,しどう,shidou,뜻 자동 생성 필요,미분류,N3
事件,じけん,jiken,뜻 자동 생성 필요,미분류,N3
事実,じじつ,jijitsu,뜻 자동 생성 필요,미분류,N3
事情,じじょう,jijou,뜻 자동 생성 필요,미분류,N3
事務,じむ,jimu,뜻 자동 생성 필요,미분류,N3
時期,じき,jiki,뜻 자동 생성 필요,미분류,N3
自身,じしん,jishin,뜻 자동 생성 필요,미분류,N3
自然,しぜん,shizen,뜻 자동 생성 필요,미분류,N3
実施,じっし,jisshi,뜻 자동 생성 필요,미분류,N3
首相,しゅしょう,shushou,뜻 자동 생성 필요,미분류,N3
住宅,じゅうたく,juutaku,뜻 자동 생성 필요,미분류,N3
住民,じゅうみん,juumin,뜻 자동 생성 필요,미분류,N3
重要,じゅうよう,juuyou,뜻 자동 생성 필요,미분류,N3
出身,しゅっしん,shusshin,뜻 자동 생성 필요,미분류,N3
女子,じょし,joshi,뜻 자동 생성 필요,미분류,N3
商品,しょうひん,shouhin,뜻 자동 생성 필요,미분류,N3
情報,じょうほう,jouhou,뜻 자동 생성 필요,미분류,N3
条件,じょうけん,jouken,뜻 자동 생성 필요,미분류,N3
状況,じょうきょう,joukyou,뜻 자동 생성 필요,미분류,N3
状態,じょうたい,joutai,뜻 자동 생성 필요,미분류,N3
新た,あらた,arata,뜻 자동 생성 필요,미분류,N3
人間,にんげん,ningen,뜻 자동 생성 필요,미분류,N3
人気,にんき,ninki,뜻 자동 생성 필요,미분류,N3
制度,せいど,seido,뜻 자동 생성 필요,미분류,N3
成長,せいちょう,seichou,뜻 자동 생성 필요,미분류,N3
政府,せいふ,seifu,뜻 자동 생성 필요,미분류,N3
生産,せいさん,seisan,뜻 자동 생성 필요,미분류,N3
積極的,せっきょくてき,sekkyokuteki,뜻 자동 생성 필요,미분류,N3
責任,せきにん,sekinin,뜻 자동 생성 필요,미분류,N3
選手,せんしゅ,senshu,뜻 자동 생성 필요,미분류,N3
全体,ぜんたい,zentai,뜻 자동 생성 필요,미분류,N3
組織,そしき,soshiki,뜻 자동 생성 필요,미분류,N3
相手,あいて,aite,뜻 자동 생성 필요,미분류,N3
対象,たいしょう,taishou,뜻 자동 생성 필요,미분류,N3
代表,だいひょう,daihyou,뜻 자동 생성 필요,미분류,N3
台,だい,dai,뜻 자동 생성 필요,미분류,N3
大会,たいかい,taikai,뜻 자동 생성 필요,미분류,N3
大統領,だいとうりょう,daitouryou,뜻 자동 생성 필요,미분류,N3
団体,だんたい,dantai,뜻 자동 생성 필요,미분류,N3
男子,だんし,danshi,뜻 자동 생성 필요,미분류,N3
知事,ちじ,chiji,뜻 자동 생성 필요,미분류,N3
地域,ちいき,chiiki,뜻 자동 생성 필요,미분류,N3
地球,ちきゅう,chikyuu,뜻 자동 생성 필요,미분류,N3
中央,ちゅうおう,chuuou,뜻 자동 생성 필요,미분류,N3
中心,ちゅうしん,chuushin,뜻 자동 생성 필요,미분류,N3
調査,ちょうさ,chousa,뜻 자동 생성 필요,미분류,N3
通信,つうしん,tsuushin,뜻 자동 생성 필요,미분류,N3
程度,ていど,teido,뜻 자동 생성 필요,미분류,N3
都市,とし,toshi,뜻 자동 생성 필요,미분류,N3
努力,どりょく,doryoku,뜻 자동 생성 필요,미분류,N3
土地,とち,tochi,뜻 자동 생성 필요,미분류,N3
投票,とうひょう,touhyou,뜻 자동 생성 필요,미분류,N3
当時,とうじ,touji,뜻 자동 생성 필요,미분류,N3
同時,どうじ,douji,뜻 자동 생성 필요,미분류,N3
内容,ないよう,naiyou,뜻 자동 생성 필요,미분류,N3
年間,ねんかん,nenkan,뜻 자동 생성 필요,미분류,N3
農業,のうぎょう,nougyou,뜻 자동 생성 필요,미분류,N3
判断,はんだん,handan,뜻 자동 생성 필요,미분류,N3
販売,はんばい,hanbai,뜻 자동 생성 필요,미분류,N3
批判,ひはん,hihan,뜻 자동 생성 필요,미분류,N3
舞台,ぶたい,butai,뜻 자동 생성 필요,미분류,N3
部分,ぶぶん,bubun,뜻 자동 생성 필요,미분류,N3
分野,ぶんや,bunya,뜻 자동 생성 필요,미분류,N3
平和,へいわ,heiwa,뜻 자동 생성 필요,미분류,N3
変化,へんか,henka,뜻 자동 생성 필요,미분류,N3
報告,ほうこく,houkoku,뜻 자동 생성 필요,미분류,N3
放送,ほうそう,housou,뜻 자동 생성 필요,미분류,N3
方向,ほうこう,houkou,뜻 자동 생성 필요,미분류,N3
方法,ほうほう,houhou,뜻 자동 생성 필요,미분류,N3
訪問,ほうもん,houmon,뜻 자동 생성 필요,미분류,N3
明らか,あきらか,akiraka,뜻 자동 생성 필요,미분류,N3
目的,もくてき,mokuteki,뜻 자동 생성 필요,미분류,N3
目標,もくひょう,mokuhyou,뜻 자동 생성 필요,미분류,N3
役割,やくわり,yakuwari,뜻 자동 생성 필요,미분류,N3
輸出,ゆしゅつ,yushutsu,뜻 자동 생성 필요,미분류,N3
輸入,ゆにゅう,yunyuu,뜻 자동 생성 필요,미분류,N3
優勝,ゆうしょう,yuushou,뜻 자동 생성 필요,미분류,N3
予算,よさん,yosan,뜻 자동 생성 필요,미분류,N3
要求,ようきゅう,youkyuu,뜻 자동 생성 필요,미분류,N3
立場,たちば,tachiba,뜻 자동 생성 필요,미분류,N3
連続,れんぞく,renzoku,뜻 자동 생성 필요,미분류,N3
一時,いちじ,ichiji,뜻 자동 생성 필요,미분류,N3
九,きゅう,kyuu,뜻 자동 생성 필요,미분류,N3
四,し,shi,뜻 자동 생성 필요,미분류,N3
十,じゅう,juu,뜻 자동 생성 필요,미분류,N3
全国,ぜんこく,zenkoku,뜻 자동 생성 필요,미분류,N3
平均,へいきん,heikin,뜻 자동 생성 필요,미분류,N3
共同,きょうどう,kyoudou,뜻 자동 생성 필요,미분류,N3
協力,きょうりょく,kyouryoku,뜻 자동 생성 필요,미분류,N3
銀,ぎん,gin,뜻 자동 생성 필요,미분류,N3
事態,じたい,jitai,뜻 자동 생성 필요,미분류,N3
労働,ろうどう,roudou,뜻 자동 생성 필요,미분류,N3
地区,ちく,chiku,뜻 자동 생성 필요,미분류,N3
愛,あい,ai,뜻 자동 생성 필요,미분류,N3
安定,あんてい,antei,뜻 자동 생성 필요,미분류,N3
意識,いしき,ishiki,뜻 자동 생성 필요,미분류,N3
違い,ちがい,chigai,뜻 자동 생성 필요,미분류,N3
医師,いし,ishi,뜻 자동 생성 필요,미분류,N3
宇宙,うちゅう,uchuu,뜻 자동 생성 필요,미분류,N3
運転,うんてん,unten,뜻 자동 생성 필요,미분류,N3
営業,えいぎょう,eigyou,뜻 자동 생성 필요,미분류,N3
衛星,えいせい,eisei,뜻 자동 생성 필요,미분류,N3
演説,えんぜつ,enzetsu,뜻 자동 생성 필요,미분류,N3
会合,かいごう,kaigou,뜻 자동 생성 필요,미분류,N3
改善,かいぜん,kaizen,뜻 자동 생성 필요,미분류,N3
開始,かいし,kaishi,뜻 자동 생성 필요,미분류,N3
確実,かくじつ,kakujitsu,뜻 자동 생성 필요,미분류,N3
感じ,かんじ,kanji,뜻 자동 생성 필요,미분류,N3
観光,かんこう,kankou,뜻 자동 생성 필요,미분류,N3
希望,きぼう,kibou,뜻 자동 생성 필요,미분류,N3
記念,きねん,kinen,뜻 자동 생성 필요,미분류,N3
疑問,ぎもん,gimon,뜻 자동 생성 필요,미분류,N3
議論,ぎろん,giron,뜻 자동 생성 필요,미분류,N3
競技,きょうぎ,kyougi,뜻 자동 생성 필요,미분류,N3
共通,きょうつう,kyoutsuu,뜻 자동 생성 필요,미분류,N3
教師,きょうし,kyoushi,뜻 자동 생성 필요,미분류,N3
胸,むね,mune,뜻 자동 생성 필요,미분류,N3
禁止,きんし,kinshi,뜻 자동 생성 필요,미분류,N3
軍,ぐん,gun,뜻 자동 생성 필요,미분류,N3
傾向,けいこう,keikou,뜻 자동 생성 필요,미분류,N3
経験,けいけん,keiken,뜻 자동 생성 필요,미분류,N3
芸術,げいじゅつ,geijutsu,뜻 자동 생성 필요,미분류,N3
劇場,げきじょう,gekijou,뜻 자동 생성 필요,미분류,N3
結局,けっきょく,kekkyoku,뜻 자동 생성 필요,미분류,N3
結論,けつろん,ketsuron,뜻 자동 생성 필요,미분류,N3
健康,けんこう,kenkou,뜻 자동 생성 필요,미분류,N3
検査,けんさ,kensa,뜻 자동 생성 필요,미분류,N3
検討,けんとう,kentou,뜻 자동 생성 필요,미분류,N3
権利,けんり,kenri,뜻 자동 생성 필요,미분류,N3
見解,けんかい,kenkai,뜻 자동 생성 필요,미분류,N3
現状,げんじょう,genjou,뜻 자동 생성 필요,미분류,N3
現代,げんだい,gendai,뜻 자동 생성 필요,미분류,N3
交換,こうかん,koukan,뜻 자동 생성 필요,미분류,N3
広告,こうこく,koukoku,뜻 자동 생성 필요,미분류,N3
航空,こうくう,koukuu,뜻 자동 생성 필요,미분류,N3
講演,こうえん,kouen,뜻 자동 생성 필요,미분류,N3
国境,こっきょう,kokkyou,뜻 자동 생성 필요,미분류,N3
混乱,こんらん,konran,뜻 자동 생성 필요,미분류,N3
差,さ,sa,뜻 자동 생성 필요,미분류,N3
再び,ふたたび,futatabi,뜻 자동 생성 필요,미분류,N3
作家,さっか,sakka,뜻 자동 생성 필요,미분류,N3
賛成,さんせい,sansei,뜻 자동 생성 필요,미분류,N3
使用,しよう,shiyou,뜻 자동 생성 필요,미분류,N3
思わず,おもわず,omowazu,뜻 자동 생성 필요,미분류,N3
支店,してん,shiten,뜻 자동 생성 필요,미분류,N3
実験,じっけん,jikken,뜻 자동 생성 필요,미분류,N3
実現,じつげん,jitsugen,뜻 자동 생성 필요,미분류,N3
実際,じっさい,jissai,뜻 자동 생성 필요,미분류,N3
主義,しゅぎ,shugi,뜻 자동 생성 필요,미분류,N3
主張,しゅちょう,shuchou,뜻 자동 생성 필요,미분류,N3
主婦,しゅふ,shufu,뜻 자동 생성 필요,미분류,N3
主要,しゅよう,shuyou,뜻 자동 생성 필요,미분류,N3
首都,しゅと,shuto,뜻 자동 생성 필요,미분류,N3
需要,じゅよう,juyou,뜻 자동 생성 필요,미분류,N3
収入,しゅうにゅう,shuunyuu,뜻 자동 생성 필요,미분류,N3
宗教,しゅうきょう,shuukyou,뜻 자동 생성 필요,미분류,N3
修正,しゅうせい,shuusei,뜻 자동 생성 필요,미분류,N3
集団,しゅうだん,shuudan,뜻 자동 생성 필요,미분류,N3
準備,じゅんび,junbi,뜻 자동 생성 필요,미분류,N3
処理,しょり,shori,뜻 자동 생성 필요,미분류,N3
少年,しょうねん,shounen,뜻 자동 생성 필요,미분류,N3
承認,しょうにん,shounin,뜻 자동 생성 필요,미분류,N3
消費,しょうひ,shouhi,뜻 자동 생성 필요,미분류,N3
障害,しょうがい,shougai,뜻 자동 생성 필요,미분류,N3
深刻,しんこく,shinkoku,뜻 자동 생성 필요,미분류,N3
身,み,mi,뜻 자동 생성 필요,미분류,N3
人生,じんせい,jinsei,뜻 자동 생성 필요,미분류,N3
人物,じんぶつ,jinbutsu,뜻 자동 생성 필요,미분류,N3
推薦,すいせん,suisen,뜻 자동 생성 필요,미분류,N3
水準,すいじゅん,suijun,뜻 자동 생성 필요,미분류,N3
数字,すうじ,suuji,뜻 자동 생성 필요,미분류,N3
正式,せいしき,seishiki,뜻 자동 생성 필요,미분류,N3
精神,せいしん,seishin,뜻 자동 생성 필요,미분류,N3
製造,せいぞう,seizou,뜻 자동 생성 필요,미분류,N3
製品,せいひん,seihin,뜻 자동 생성 필요,미분류,N3
石油,せきゆ,sekiyu,뜻 자동 생성 필요,미분류,N3
設備,せつび,setsubi,뜻 자동 생성 필요,미분류,N3
全員,ぜんいん,zenin,뜻 자동 생성 필요,미분류,N3
組合,くみあい,kumiai,뜻 자동 생성 필요,미분류,N3
相談,そうだん,soudan,뜻 자동 생성 필요,미분류,N3
装置,そうち,souchi,뜻 자동 생성 필요,미분류,N3
増加,ぞうか,zouka,뜻 자동 생성 필요,미분류,N3
存在,そんざい,sonzai,뜻 자동 생성 필요,미분류,N3
態度,たいど,taido,뜻 자동 생성 필요,미분류,N3
逮捕,たいほ,taiho,뜻 자동 생성 필요,미분류,N3
大使,たいし,taishi,뜻 자동 생성 필요,미분류,N3
担当,たんとう,tantou,뜻 자동 생성 필요,미분류,N3
仲間,なかま,nakama,뜻 자동 생성 필요,미분류,N3
長期,ちょうき,chouki,뜻 자동 생성 필요,미분류,N3
直接,ちょくせつ,chokusetsu,뜻 자동 생성 필요,미분류,N3
提案,ていあん,teian,뜻 자동 생성 필요,미분류,N3
伝統,でんとう,dentou,뜻 자동 생성 필요,미분류,N3
党,とう,tou,뜻 자동 생성 필요,미분류,N3
同様,どうよう,douyou,뜻 자동 생성 필요,미분류,N3
道路,どうろ,douro,뜻 자동 생성 필요,미분류,N3
特徴,とくちょう,tokuchou,뜻 자동 생성 필요,미분류,N3
独立,どくりつ,dokuritsu,뜻 자동 생성 필요,미분류,N3
能力,のうりょく,nouryoku,뜻 자동 생성 필요,미분류,N3
馬,うま,uma,뜻 자동 생성 필요,미분류,N3
発行,はっこう,hakkou,뜻 자동 생성 필요,미분류,N3
発展,はってん,hatten,뜻 자동 생성 필요,미분류,N3
発表,はっぴょう,happyou,뜻 자동 생성 필요,미분류,N3
彼ら,かれら,karera,뜻 자동 생성 필요,미분류,N3
被害,ひがい,higai,뜻 자동 생성 필요,미분류,N3
費用,ひよう,hiyou,뜻 자동 생성 필요,미분류,N3
非常,ひじょう,hijou,뜻 자동 생성 필요,미분류,N3
表現,ひょうげん,hyougen,뜻 자동 생성 필요,미분류,N3
表情,ひょうじょう,hyoujou,뜻 자동 생성 필요,미분류,N3
評価,ひょうか,hyouka,뜻 자동 생성 필요,미분류,N3
不安,ふあん,fuan,뜻 자동 생성 필요,미분류,N3
不足,ふそく,fusoku,뜻 자동 생성 필요,미분류,N3
不満,ふまん,fuman,뜻 자동 생성 필요,미분류,N3
夫人,ふじん,fujin,뜻 자동 생성 필요,미분류,N3
父親,ちちおや,chichioya,뜻 자동 생성 필요,미분류,N3
武器,ぶき,buki,뜻 자동 생성 필요,미분류,N3
幅,はば,haba,뜻 자동 생성 필요,미분류,N3
母親,ははおや,hahaoya,뜻 자동 생성 필요,미분류,N3
豊か,ゆたか,yutaka,뜻 자동 생성 필요,미분류,N3
本人,ほんにん,honnin,뜻 자동 생성 필요,미분류,N3
無料,むりょう,muryou,뜻 자동 생성 필요,미분류,N3
名,な,na,뜻 자동 생성 필요,미분류,N3
明確,めいかく,meikaku,뜻 자동 생성 필요,미분류,N3
友人,ゆうじん,yuujin,뜻 자동 생성 필요,미분류,N3
有効,ゆうこう,yuukou,뜻 자동 생성 필요,미분류,N3
様子,ようす,yousu,뜻 자동 생성 필요,미분류,N3
利益,りえき,rieki,뜻 자동 생성 필요,미분류,N3
理解,りかい,rikai,뜻 자동 생성 필요,미분류,N3
流れ,ながれ,nagare,뜻 자동 생성 필요,미분류,N3
料金,りょうきん,ryoukin,뜻 자동 생성 필요,미분류,N3
老人,ろうじん,roujin,뜻 자동 생성 필요,미분류,N3
話題,わだい,wadai,뜻 자동 생성 필요,미분류,N3
何,なに,nani,뜻 자동 생성 필요,미분류,N3
夫婦,ふうふ,fuufu,뜻 자동 생성 필요,미분류,N3
年齢,ねんれい,nenrei,뜻 자동 생성 필요,미분류,N3
我々,われわれ,wareware,뜻 자동 생성 필요,미분류,N3
意思,いし,ishi,뜻 자동 생성 필요,미분류,N3
貢献,こうけん,kouken,뜻 자동 생성 필요,미분류,N3
何か,なにか,nanika,뜻 자동 생성 필요,미분류,N3
以前,いぜん,izen,뜻 자동 생성 필요,미분류,N3
一層,いっそう,issou,뜻 자동 생성 필요,미분류,N3
印象,いんしょう,inshou,뜻 자동 생성 필요,미분류,N3
汚染,おせん,osen,뜻 자동 생성 필요,미분류,N3
価値,かち,kachi,뜻 자동 생성 필요,미분류,N3
歌手,かしゅ,kashu,뜻 자동 생성 필요,미분류,N3
絵画,かいが,kaiga,뜻 자동 생성 필요,미분류,N3
確認,かくにん,kakunin,뜻 자동 생성 필요,미분류,N3
学者,がくしゃ,gakusha,뜻 자동 생성 필요,미분류,N3
学習,がくしゅう,gakushuu,뜻 자동 생성 필요,미분류,N3
株,かぶ,kabu,뜻 자동 생성 필요,미분류,N3
感覚,かんかく,kankaku,뜻 자동 생성 필요,미분류,N3
機械,きかい,kikai,뜻 자동 생성 필요,미분류,N3
義務,ぎむ,gimu,뜻 자동 생성 필요,미분류,N3
急速,きゅうそく,kyuusoku,뜻 자동 생성 필요,미분류,N3
供給,きょうきゅう,kyoukyuu,뜻 자동 생성 필요,미분류,N3
緊張,きんちょう,kinchou,뜻 자동 생성 필요,미분류,N3
近代,きんだい,kindai,뜻 자동 생성 필요,미분류,N3
金額,きんがく,kingaku,뜻 자동 생성 필요,미분류,N3
空,から,kara,뜻 자동 생성 필요,미분류,N3
訓練,くんれん,kunren,뜻 자동 생성 필요,미분류,N3
劇,げき,geki,뜻 자동 생성 필요,미분류,N3
建築,けんちく,kenchiku,뜻 자동 생성 필요,미분류,N3
肩,かた,kata,뜻 자동 생성 필요,미분류,N3
現金,げんきん,genkin,뜻 자동 생성 필요,미분류,N3
現象,げんしょう,genshou,뜻 자동 생성 필요,미분류,N3
構成,こうせい,kousei,뜻 자동 생성 필요,미분류,N3
合計,ごうけい,goukei,뜻 자동 생성 필요,미분류,N3
差別,さべつ,sabetsu,뜻 자동 생성 필요,미분류,N3
最低,さいてい,saitei,뜻 자동 생성 필요,미분류,N3
材料,ざいりょう,zairyou,뜻 자동 생성 필요,미분류,N3
参考,さんこう,sankou,뜻 자동 생성 필요,미분류,N3
残り,のこり,nokori,뜻 자동 생성 필요,미분류,N3
思想,しそう,shisou,뜻 자동 생성 필요,미분류,N3
支配,しはい,shihai,뜻 자동 생성 필요,미분류,N3
資源,しげん,shigen,뜻 자동 생성 필요,미분류,N3
資本,しほん,shihon,뜻 자동 생성 필요,미분류,N3
失業,しつぎょう,shitsugyou,뜻 자동 생성 필요,미분류,N3
実は,じつは,jitsuha,뜻 자동 생성 필요,미분류,N3
実行,じっこう,jikkou,뜻 자동 생성 필요,미분류,N3
手術,しゅじゅつ,shujutsu,뜻 자동 생성 필요,미분류,N3
手段,しゅだん,shudan,뜻 자동 생성 필요,미분류,N3
周囲,しゅうい,shuui,뜻 자동 생성 필요,미분류,N3
就職,しゅうしょく,shuushoku,뜻 자동 생성 필요,미분류,N3
集中,しゅうちゅう,shuuchuu,뜻 자동 생성 필요,미분류,N3
重大,じゅうだい,juudai,뜻 자동 생성 필요,미분류,N3
出席,しゅっせき,shusseki,뜻 자동 생성 필요,미분류,N3
出版,しゅっぱん,shuppan,뜻 자동 생성 필요,미분류,N3
章,しょう,shou,뜻 자동 생성 필요,미분류,N3
場面,ばめん,bamen,뜻 자동 생성 필요,미분류,N3
職業,しょくぎょう,shokugyou,뜻 자동 생성 필요,미분류,N3
食事,しょくじ,shokuji,뜻 자동 생성 필요,미분류,N3
食品,しょくひん,shokuhin,뜻 자동 생성 필요,미분류,N3
信用,しんよう,shinyou,뜻 자동 생성 필요,미분류,N3
信頼,しんらい,shinrai,뜻 자동 생성 필요,미분류,N3
神,かみ,kami,뜻 자동 생성 필요,미분류,N3
制限,せいげん,seigen,뜻 자동 생성 필요,미분류,N3
勢い,いきおい,ikioi,뜻 자동 생성 필요,미분류,N3
性格,せいかく,seikaku,뜻 자동 생성 필요,미분류,N3
成功,せいこう,seikou,뜻 자동 생성 필요,미분류,N3
成績,せいせき,seiseki,뜻 자동 생성 필요,미분류,N3
正午,しょうご,shougo,뜻 자동 생성 필요,미분류,N3
生命,せいめい,seimei,뜻 자동 생성 필요,미분류,N3
請求,せいきゅう,seikyuu,뜻 자동 생성 필요,미분류,N3
青年,せいねん,seinen,뜻 자동 생성 필요,미분류,N3
跡,あと,ato,뜻 자동 생성 필요,미분류,N3
設計,せっけい,sekkei,뜻 자동 생성 필요,미분류,N3
専攻,せんこう,senkou,뜻 자동 생성 필요,미분류,N3
選択,せんたく,sentaku,뜻 자동 생성 필요,미분류,N3
相当,そうとう,soutou,뜻 자동 생성 필요,미분류,N3
損害,そんがい,songai,뜻 자동 생성 필요,미분류,N3
体育,たいいく,taiiku,뜻 자동 생성 필요,미분류,N3
代理,だいり,dairi,뜻 자동 생성 필요,미분류,N3
大臣,だいじん,daijin,뜻 자동 생성 필요,미분류,N3
大半,たいはん,taihan,뜻 자동 생성 필요,미분류,N3
単位,たんい,tani,뜻 자동 생성 필요,미분류,N3
誕生,たんじょう,tanjou,뜻 자동 생성 필요,미분류,N3
地,ち,chi,뜻 자동 생성 필요,미분류,N3
地位,ちい,chii,뜻 자동 생성 필요,미분류,N3
地下,ちか,chika,뜻 자동 생성 필요,미분류,N3
中学,ちゅうがく,chuugaku,뜻 자동 생성 필요,미분류,N3
中止,ちゅうし,chuushi,뜻 자동 생성 필요,미분류,N3
注目,ちゅうもく,chuumoku,뜻 자동 생성 필요,미분류,N3
著者,ちょしゃ,chosha,뜻 자동 생성 필요,미분류,N3
定期,ていき,teiki,뜻 자동 생성 필요,미분류,N3
抵抗,ていこう,teikou,뜻 자동 생성 필요,미분류,N3
提出,ていしゅつ,teishutsu,뜻 자동 생성 필요,미분류,N3
徹底,てってい,tettei,뜻 자동 생성 필요,미분류,N3
鉄道,てつどう,tetsudou,뜻 자동 생성 필요,미분류,N3
都,みやこ,miyako,뜻 자동 생성 필요,미분류,N3
日常,にちじょう,nichijou,뜻 자동 생성 필요,미분류,N3
農家,のうか,nouka,뜻 자동 생성 필요,미분류,N3
俳優,はいゆう,haiyuu,뜻 자동 생성 필요,미분류,N3
犯罪,はんざい,hanzai,뜻 자동 생성 필요,미분류,N3
範囲,はんい,hani,뜻 자동 생성 필요,미분류,N3
微妙,びみょう,bimyou,뜻 자동 생성 필요,미분류,N3
物価,ぶっか,bukka,뜻 자동 생성 필요,미분류,N3
物語,ものがたり,monogatari,뜻 자동 생성 필요,미분류,N3
物質,ぶっしつ,busshitsu,뜻 자동 생성 필요,미분류,N3
分析,ぶんせき,bunseki,뜻 자동 생성 필요,미분류,N3
雰囲気,ふんいき,funiki,뜻 자동 생성 필요,미분류,N3
文字,もじ,moji,뜻 자동 생성 필요,미분류,N3
変更,へんこう,henkou,뜻 자동 생성 필요,미분류,N3
魅力,みりょく,miryoku,뜻 자동 생성 필요,미분류,N3
模様,もよう,moyou,뜻 자동 생성 필요,미분류,N3
唯一,ゆいいつ,yuiitsu,뜻 자동 생성 필요,미분류,N3
余裕,よゆう,yoyuu,뜻 자동 생성 필요,미분류,N3
旅,たび,tabi,뜻 자동 생성 필요,미분류,N3
湾,わん,wan,뜻 자동 생성 필요,미분류,N3
管,かん,kan,뜻 자동 생성 필요,미분류,N3
谷,たに,tani,뜻 자동 생성 필요,미분류,N3
支払い,しはらい,shiharai,뜻 자동 생성 필요,미분류,N3
戦い,たたかい,tatakai,뜻 자동 생성 필요,미분류,N3
保証,ほしょう,hoshou,뜻 자동 생성 필요,미분류,N3
演奏,えんそう,ensou,뜻 자동 생성 필요,미분류,N3
何も,なにも,nanimo,뜻 자동 생성 필요,미분류,N3
具体,ぐたい,gutai,뜻 자동 생성 필요,미분류,N3
銃,じゅう,juu,뜻 자동 생성 필요,미분류,N3
他,た,ta,뜻 자동 생성 필요,미분류,N3
意外,いがい,igai,뜻 자동 생성 필요,미분류,N3
移動,いどう,idou,뜻 자동 생성 필요,미분류,N3
一体,いったい,ittai,뜻 자동 생성 필요,미분류,N3
一致,いっち,icchi,뜻 자동 생성 필요,미분류,N3
化学,かがく,kagaku,뜻 자동 생성 필요,미분류,N3
完成,かんせい,kansei,뜻 자동 생성 필요,미분류,N3
完全,かんぜん,kanzen,뜻 자동 생성 필요,미분류,N3
感情,かんじょう,kanjou,뜻 자동 생성 필요,미분류,N3
歓迎,かんげい,kangei,뜻 자동 생성 필요,미분류,N3
観客,かんきゃく,kankyaku,뜻 자동 생성 필요,미분류,N3
旗,はた,hata,뜻 자동 생성 필요,미분류,N3
既に,すでに,sudeni,뜻 자동 생성 필요,미분류,N3
記憶,きおく,kioku,뜻 자동 생성 필요,미분류,N3
貴重,きちょう,kichou,뜻 자동 생성 필요,미분류,N3
巨大,きょだい,kyodai,뜻 자동 생성 필요,미분류,N3
許す,ゆるす,yurusu,뜻 자동 생성 필요,미분류,N3
強力,きょうりょく,kyouryoku,뜻 자동 생성 필요,미분류,N3
教科書,きょうかしょ,kyoukasho,뜻 자동 생성 필요,미분류,N3
金属,きんぞく,kinzoku,뜻 자동 생성 필요,미분류,N3
刑事,けいじ,keiji,뜻 자동 생성 필요,미분류,N3
計算,けいさん,keisan,뜻 자동 생성 필요,미분류,N3
穴,あな,ana,뜻 자동 생성 필요,미분류,N3
限界,げんかい,genkai,뜻 자동 생성 필요,미분류,N3
互い,たがい,tagai,뜻 자동 생성 필요,미분류,N3
腰,こし,koshi,뜻 자동 생성 필요,미분류,N3
困難,こんなん,konnan,뜻 자동 생성 필요,미분류,N3
財産,ざいさん,zaisan,뜻 자동 생성 필요,미분류,N3
作曲,さっきょく,sakkyoku,뜻 자동 생성 필요,미분류,N3
支出,ししゅつ,shishutsu,뜻 자동 생성 필요,미분류,N3
死亡,しぼう,shibou,뜻 자동 생성 필요,미분류,N3
時,とき,toki,뜻 자동 생성 필요,미분류,N3
自動,じどう,jidou,뜻 자동 생성 필요,미분류,N3
質,しつ,shitsu,뜻 자동 생성 필요,미분류,N3
酒,さけ,sake,뜻 자동 생성 필요,미분류,N3
週,しゅう,shuu,뜻 자동 생성 필요,미분류,N3
重視,じゅうし,juushi,뜻 자동 생성 필요,미분류,N3
瞬間,しゅんかん,shunkan,뜻 자동 생성 필요,미분류,N3
順調,じゅんちょう,junchou,뜻 자동 생성 필요,미분류,N3
署名,しょめい,shomei,뜻 자동 생성 필요,미분류,N3
女優,じょゆう,joyuu,뜻 자동 생성 필요,미분류,N3
松,まつ,matsu,뜻 자동 생성 필요,미분류,N3
症状,しょうじょう,shoujou,뜻 자동 생성 필요,미분류,N3
笑い,わらい,warai,뜻 자동 생성 필요,미분류,N3
笑顔,えがお,egao,뜻 자동 생성 필요,미분류,N3
衝突,しょうとつ,shoutotsu,뜻 자동 생성 필요,미분류,N3
常に,つねに,tsune ni,뜻 자동 생성 필요,미분류,N3
植物,しょくぶつ,shokubutsu,뜻 자동 생성 필요,미분류,N3
食料,しょくりょう,shokuryou,뜻 자동 생성 필요,미분류,N3
心臓,しんぞう,shinzou,뜻 자동 생성 필요,미분류,N3
心配,しんぱい,shinpai,뜻 자동 생성 필요,미분류,N3
心理,しんり,shinri,뜻 자동 생성 필요,미분류,N3
人類,じんるい,jinrui,뜻 자동 생성 필요,미분류,N3
世紀,せいき,seiki,뜻 자동 생성 필요,미분류,N3
正,せい,sei,뜻 자동 생성 필요,미분류,N3
生物,せいぶつ,seibutsu,뜻 자동 생성 필요,미분류,N3
絶対,ぜったい,zettai,뜻 자동 생성 필요,미분류,N3
操作,そうさ,sousa,뜻 자동 생성 필요,미분류,N3
太陽,たいよう,taiyou,뜻 자동 생성 필요,미분류,N3
滞在,たいざい,taizai,뜻 자동 생성 필요,미분류,N3
大戦,たいせん,taisen,뜻 자동 생성 필요,미분류,N3
単純,たんじゅん,tanjun,뜻 자동 생성 필요,미분류,N3
知識,ちしき,chishiki,뜻 자동 생성 필요,미분류,N3
注文,ちゅうもん,chuumon,뜻 자동 생성 필요,미분류,N3
貯金,ちょきん,chokin,뜻 자동 생성 필요,미분류,N3
底,そこ,soko,뜻 자동 생성 필요,미분류,N3
適切,てきせつ,tekisetsu,뜻 자동 생성 필요,미분류,N3
適用,てきよう,tekiyou,뜻 자동 생성 필요,미분류,N3
鉄,てつ,tetsu,뜻 자동 생성 필요,미분류,N3
電子,でんし,denshi,뜻 자동 생성 필요,미분류,N3
土,つち,tsuchi,뜻 자동 생성 필요,미분류,N3
土曜,どよう,doyou,뜻 자동 생성 필요,미분류,N3
同一,どういつ,douitsu,뜻 자동 생성 필요,미분류,N3
日中,にっちゅう,nicchuu,뜻 자동 생성 필요,미분류,N3
入場,にゅうじょう,nyuujou,뜻 자동 생성 필요,미분류,N3
農民,のうみん,noumin,뜻 자동 생성 필요,미분류,N3
波,なみ,nami,뜻 자동 생성 필요,미분류,N3
博士,はかせ,hakase,뜻 자동 생성 필요,미분류,N3
博物館,はくぶつかん,hakubutsukan,뜻 자동 생성 필요,미분류,N3
爆発,ばくはつ,bakuhatsu,뜻 자동 생성 필요,미분류,N3
畑,はたけ,hatake,뜻 자동 생성 필요,미분류,N3
発見,はっけん,hakken,뜻 자동 생성 필요,미분류,N3
秘密,ひみつ,himitsu,뜻 자동 생성 필요,미분류,N3
飛行,ひこう,hikou,뜻 자동 생성 필요,미분류,N3
表面,ひょうめん,hyoumen,뜻 자동 생성 필요,미분류,N3
不正,ふせい,fusei,뜻 자동 생성 필요,미분류,N3
婦人,ふじん,fujin,뜻 자동 생성 필요,미분류,N3
風景,ふうけい,fuukei,뜻 자동 생성 필요,미분류,N3
別に,べつに,betsuni,뜻 자동 생성 필요,미분류,N3
暮らし,くらし,kurashi,뜻 자동 생성 필요,미분류,N3
未来,みらい,mirai,뜻 자동 생성 필요,미분류,N3
名人,めいじん,meijin,뜻 자동 생성 필요,미분류,N3
命,いのち,inochi,뜻 자동 생성 필요,미분류,N3
命令,めいれい,meirei,뜻 자동 생성 필요,미분류,N3
野,の,no,뜻 자동 생성 필요,미분류,N3
油,あぶら,abura,뜻 자동 생성 필요,미분류,N3
友,とも,tomo,뜻 자동 생성 필요,미분류,N3
予防,よぼう,yobou,뜻 자동 생성 필요,미분류,N3
曜日,ようび,youbi,뜻 자동 생성 필요,미분류,N3
要素,ようそ,youso,뜻 자동 생성 필요,미분류,N3
涙,なみだ,namida,뜻 자동 생성 필요,미분류,N3
列車,れっしゃ,ressha,뜻 자동 생성 필요,미분류,N3
論文,ろんぶん,ronbun,뜻 자동 생성 필요,미분류,N3
一家,いっか,ikka,뜻 자동 생성 필요,미분류,N3
少女,しょうじょ,shoujo,뜻 자동 생성 필요,미분류,N3
乗客,じょうきゃく,joukyaku,뜻 자동 생성 필요,미분류,N3
位置,いち,ichi,뜻 자동 생성 필요,미분류,N3
丘,おか,oka,뜻 자동 생성 필요,미분류,N3
影,かげ,kage,뜻 자동 생성 필요,미분류,N3
格好,かっこう,kakkou,뜻 자동 생성 필요,미분류,N3
寄付,きふ,kifu,뜻 자동 생성 필요,미분류,N3
桜,さくら,sakura,뜻 자동 생성 필요,미분류,N3
年寄り,としより,toshiyori,뜻 자동 생성 필요,미분류,N3
残す,のこす,nokosu,뜻 자동 생성 필요,미분류,N3
郵便,ゆうびん,yuubin,뜻 자동 생성 필요,미분류,N3
有利,ゆうり,yuuri,뜻 자동 생성 필요,미분류,N3
喜び,よろこび,yorokobi,뜻 자동 생성 필요,미분류,N3
勝ち,かち,kachi,뜻 자동 생성 필요,미분류,N3
食糧,しょくりょう,shokuryou,뜻 자동 생성 필요,미분류,N3
宅,たく,taku,뜻 자동 생성 필요,미분류,N3
幕,まく,maku,뜻 자동 생성 필요,미분류,N3
予測,よそく,yosoku,뜻 자동 생성 필요,미분류,N3
次々,つぎつぎ,tsugitsugi,뜻 자동 생성 필요,미분류,N3
王,おう,ou,뜻 자동 생성 필요,미분류,N3
詩,し,shi,뜻 자동 생성 필요,미분류,N3
異常,いじょう,ijou,뜻 자동 생성 필요,미분류,N3
一種,いっしゅ,isshu,뜻 자동 생성 필요,미분류,N3
引退,いんたい,intai,뜻 자동 생성 필요,미분류,N3
円,えん,en,뜻 자동 생성 필요,미분류,N3
演技,えんぎ,engi,뜻 자동 생성 필요,미분류,N3
何とか,なんとか,nantoka,뜻 자동 생성 필요,미분류,N3
火災,かさい,kasai,뜻 자동 생성 필요,미분류,N3
画家,がか,gaka,뜻 자동 생성 필요,미분류,N3
会計,かいけい,kaikei,뜻 자동 생성 필요,미분류,N3
解釈,かいしゃく,kaishaku,뜻 자동 생성 필요,미분류,N3
汗,あせ,ase,뜻 자동 생성 필요,미분류,N3
願い,ねがい,negai,뜻 자동 생성 필요,미분류,N3
気温,きおん,kion,뜻 자동 생성 필요,미분류,N3
休暇,きゅうか,kyuuka,뜻 자동 생성 필요,미분류,N3
急激,きゅうげき,kyuugeki,뜻 자동 생성 필요,미분류,N3
強盗,ごうとう,goutou,뜻 자동 생성 필요,미분류,N3
型,かた,kata,뜻 자동 생성 필요,미분류,N3
見事,みごと,migoto,뜻 자동 생성 필요,미분류,N3
元,もと,moto,뜻 자동 생성 필요,미분류,N3
限る,かぎる,kagiru,뜻 자동 생성 필요,미분류,N3
呼吸,こきゅう,kokyuu,뜻 자동 생성 필요,미분류,N3
合格,ごうかく,goukaku,뜻 자동 생성 필요,미분류,N3
根,ね,ne,뜻 자동 생성 필요,미분류,N3
罪,つみ,tsumi,뜻 자동 생성 필요,미분류,N3
示す,しめす,shimesu,뜻 자동 생성 필요,미분류,N3
芝居,しばい,shibai,뜻 자동 생성 필요,미분류,N3
借金,しゃっきん,shakkin,뜻 자동 생성 필요,미분류,N3
種類,しゅるい,shurui,뜻 자동 생성 필요,미분류,N3
出発,しゅっぱつ,shuppatsu,뜻 자동 생성 필요,미분류,N3
書類,しょるい,shorui,뜻 자동 생성 필요,미분류,N3
招待,しょうたい,shoutai,뜻 자동 생성 필요,미분류,N3
常識,じょうしき,joushiki,뜻 자동 생성 필요,미분류,N3
審判,しんぱん,shinpan,뜻 자동 생성 필요,미분류,N3
慎重,しんちょう,shinchou,뜻 자동 생성 필요,미분류,N3
神経,しんけい,shinkei,뜻 자동 생성 필요,미분류,N3
人工,じんこう,jinkou,뜻 자동 생성 필요,미분류,N3
人種,じんしゅ,jinshu,뜻 자동 생성 필요,미분류,N3
世話,せわ,sewa,뜻 자동 생성 필요,미분류,N3
是非,ぜひ,zehi,뜻 자동 생성 필요,미분류,N3
整理,せいり,seiri,뜻 자동 생성 필요,미분류,N3
税金,ぜいきん,zeikin,뜻 자동 생성 필요,미분류,N3
善,ぜん,zen,뜻 자동 생성 필요,미분류,N3
騒ぎ,さわぎ,sawagi,뜻 자동 생성 필요,미분류,N3
贈る,おくる,okuru,뜻 자동 생성 필요,미분류,N3
息,いき,iki,뜻 자동 생성 필요,미분류,N3
孫,まご,mago,뜻 자동 생성 필요,미분류,N3
損,そん,son,뜻 자동 생성 필요,미분류,N3
代金,だいきん,daikin,뜻 자동 생성 필요,미분류,N3
大気,たいき,taiki,뜻 자동 생성 필요,미분류,N3
大陸,たいりく,tairiku,뜻 자동 생성 필요,미분류,N3
奪う,うばう,ubau,뜻 자동 생성 필요,미분류,N3
調子,ちょうし,choushi,뜻 자동 생성 필요,미분류,N3
直ちに,ただちに,tadachini,뜻 자동 생성 필요,미분류,N3
追う,おう,ou,뜻 자동 생성 필요,미분류,N3
哲学,てつがく,tetsugaku,뜻 자동 생성 필요,미분류,N3
得意,とくい,tokui,뜻 자동 생성 필요,미분류,N3
独特,どくとく,dokutoku,뜻 자동 생성 필요,미분류,N3
読書,どくしょ,dokusho,뜻 자동 생성 필요,미분류,N3
日曜,にちよう,nichiyou,뜻 자동 생성 필요,미분류,N3
熱心,ねっしん,nesshin,뜻 자동 생성 필요,미분류,N3
能,のう,nou,뜻 자동 생성 필요,미분류,N3
犯人,はんにん,hannin,뜻 자동 생성 필요,미분류,N3
否定,ひてい,hitei,뜻 자동 생성 필요,미분류,N3
比較,ひかく,hikaku,뜻 자동 생성 필요,미분류,N3
必ずしも,かならずしも,kanarazu shimo,뜻 자동 생성 필요,미분류,N3
評判,ひょうばん,hyouban,뜻 자동 생성 필요,미분류,N3
負け,まけ,make,뜻 자동 생성 필요,미분류,N3
腹,はら,hara,뜻 자동 생성 필요,미분류,N3
分ける,わける,wakeru,뜻 자동 생성 필요,미분류,N3
文明,ぶんめい,bunmei,뜻 자동 생성 필요,미분류,N3
保存,ほぞん,hozon,뜻 자동 생성 필요,미분류,N3
宝,たから,takara,뜻 자동 생성 필요,미분류,N3
豊富,ほうふ,houfu,뜻 자동 생성 필요,미분류,N3
棒,ぼう,bou,뜻 자동 생성 필요,미분류,N3
満足,まんぞく,manzoku,뜻 자동 생성 필요,미분류,N3
免許,めんきょ,menkyo,뜻 자동 생성 필요,미분류,N3
優秀,ゆうしゅう,yuushuu,뜻 자동 생성 필요,미분류,N3
容易,ようい,youi,뜻 자동 생성 필요,미분류,N3
来,らい,rai,뜻 자동 생성 필요,미분류,N3
理想,りそう,risou,뜻 자동 생성 필요,미분류,N3
離れる,はなれる,hanareru,뜻 자동 생성 필요,미분류,N3
陸,りく,riku,뜻 자동 생성 필요,미분류,N3
留学,りゅうがく,ryuugaku,뜻 자동 생성 필요,미분류,N3
冷静,れいせい,reisei,뜻 자동 생성 필요,미분류,N3
礼,れい,rei,뜻 자동 생성 필요,미분류,N3
論争,ろんそう,ronsou,뜻 자동 생성 필요,미분류,N3
化粧,けしょう,keshou,뜻 자동 생성 필요,미분류,N3
傷,きず,kizu,뜻 자동 생성 필요,미분류,N3
他人,たにん,tanin,뜻 자동 생성 필요,미분류,N3
端,はし,hashi,뜻 자동 생성 필요,미분류,N3
痛み,いたみ,itami,뜻 자동 생성 필요,미분류,N3
刺激,しげき,shigeki,뜻 자동 생성 필요,미분류,N3
必死,ひっし,hisshi,뜻 자동 생성 필요,미분류,N3
昼食,ちゅうしょく,chuushoku,뜻 자동 생성 필요,미분류,N3
実に,じつに,jitsuni,뜻 자동 생성 필요,미분류,N3
支給,しきゅう,shikyuu,뜻 자동 생성 필요,미분류,N3
同僚,どうりょう,douryou,뜻 자동 생성 필요,미분류,N3
徐々に,じょじょに,jojo ni,뜻 자동 생성 필요,미분류,N3
級,きゅう,kyuu,뜻 자동 생성 필요,미분류,N3
依頼,いらい,irai,뜻 자동 생성 필요,미분류,N3
一瞬,いっしゅん,issshun,뜻 자동 생성 필요,미분류,N3
印刷,いんさつ,insatsu,뜻 자동 생성 필요,미분류,N3
栄養,えいよう,eiyou,뜻 자동 생성 필요,미분류,N3
延期,えんき,enki,뜻 자동 생성 필요,미분류,N3
応じる,おうじる,oujiru,뜻 자동 생성 필요,미분류,N3
屋根,やね,yane,뜻 자동 생성 필요,미분류,N3
温暖,おんだん,ondan,뜻 자동 생성 필요,미분류,N3
温度,おんど,ondo,뜻 자동 생성 필요,미분류,N3
家事,かじ,kaji,뜻 자동 생성 필요,미분류,N3
活用,かつよう,katsuyou,뜻 자동 생성 필요,미분류,N3
感動,かんどう,kandou,뜻 자동 생성 필요,미분류,N3
缶,かん,kan,뜻 자동 생성 필요,미분류,N3
給料,きゅうりょう,kyuuryou,뜻 자동 생성 필요,미분류,N3
牛,うし,ushi,뜻 자동 생성 필요,미분류,N3
恐怖,きょうふ,kyoufu,뜻 자동 생성 필요,미분류,N3
金銭,きんせん,kinsen,뜻 자동 생성 필요,미분류,N3
苦労,くろう,kurou,뜻 자동 생성 필요,미분류,N3
軍隊,ぐんたい,guntai,뜻 자동 생성 필요,미분류,N3
警告,けいこく,keikoku,뜻 자동 생성 필요,미분류,N3
欠陥,けっかん,kekkan,뜻 자동 생성 필요,미분류,N3
言語,げんご,gengo,뜻 자동 생성 필요,미분류,N3
虎,とら,tora,뜻 자동 생성 필요,미분류,N3
光景,こうけい,koukei,뜻 자동 생성 필요,미분류,N3
高速,こうそく,kousoku,뜻 자동 생성 필요,미분류,N3
左右,さゆう,sayuu,뜻 자동 생성 필요,미분류,N3
殺す,ころす,korosu,뜻 자동 생성 필요,미분류,N3
詩人,しじん,shijin,뜻 자동 생성 필요,미분류,N3
自殺,じさつ,jisatsu,뜻 자동 생성 필요,미분류,N3
失う,うしなう,ushinau,뜻 자동 생성 필요,미분류,N3
主に,おもに,omoni,뜻 자동 생성 필요,미분류,N3
終える,おえる,oeru,뜻 자동 생성 필요,미분류,N3
宿泊,しゅくはく,shukuhaku,뜻 자동 생성 필요,미분류,N3
出来事,できごと,dekigoto,뜻 자동 생성 필요,미분류,N3
順,じゅん,jun,뜻 자동 생성 필요,미분류,N3
助手,じょしゅ,joshu,뜻 자동 생성 필요,미분류,N3
女王,じょおう,joou,뜻 자동 생성 필요,미분류,N3
商売,しょうばい,shoubai,뜻 자동 생성 필요,미분류,N3
消防,しょうぼう,shoubou,뜻 자동 생성 필요,미분류,N3
証明,しょうめい,shoumei,뜻 자동 생성 필요,미분류,N3
賞,しょう,shou,뜻 자동 생성 필요,미분류,N3
信号,しんごう,shingou,뜻 자동 생성 필요,미분류,N3
身長,しんちょう,shinchou,뜻 자동 생성 필요,미분류,N3
進学,しんがく,shingaku,뜻 자동 생성 필요,미분류,N3
世の中,よのなか,yononaka,뜻 자동 생성 필요,미분류,N3
世間,せけん,seken,뜻 자동 생성 필요,미분류,N3
先日,せんじつ,senjitsu,뜻 자동 생성 필요,미분류,N3
泉,いずみ,izumi,뜻 자동 생성 필요,미분류,N3
前進,ぜんしん,zenshin,뜻 자동 생성 필요,미분류,N3
騒音,そうおん,souon,뜻 자동 생성 필요,미분류,N3
大いに,おおいに,ooini,뜻 자동 생성 필요,미분류,N3
単なる,たんなる,tannaru,뜻 자동 생성 필요,미분류,N3
単に,たんに,tanni,뜻 자동 생성 필요,미분류,N3
知恵,ちえ,chie,뜻 자동 생성 필요,미분류,N3
茶,ちゃ,cha,뜻 자동 생성 필요,미분류,N3
通過,つうか,tsuuka,뜻 자동 생성 필요,미분류,N3
登山,とざん,tozan,뜻 자동 생성 필요,미분류,N3
都会,とかい,tokai,뜻 자동 생성 필요,미분류,N3
働き,はたらき,hataraki,뜻 자동 생성 필요,미분류,N3
熱帯,ねったい,nettai,뜻 자동 생성 필요,미분류,N3
拍手,はくしゅ,hakushu,뜻 자동 생성 필요,미분류,N3
肌,はだ,hada,뜻 자동 생성 필요,미분류,N3
飯,めし,meshi,뜻 자동 생성 필요,미분류,N3
悲劇,ひげき,higeki,뜻 자동 생성 필요,미분류,N3
付き合い,つきあい,tsukiai,뜻 자동 생성 필요,미분류,N3
布,ぬの,nuno,뜻 자동 생성 필요,미분류,N3
墓,はか,haka,뜻 자동 생성 필요,미분류,N3
暮れ,くれ,kure,뜻 자동 생성 필요,미분류,N3
本物,ほんもの,honmono,뜻 자동 생성 필요,미분류,N3
迷惑,めいわく,meiwaku,뜻 자동 생성 필요,미분류,N3
離婚,りこん,rikon,뜻 자동 생성 필요,미분류,N3
恋,こい,koi,뜻 자동 생성 필요,미분류,N3
一生,いっしょう,isshou,뜻 자동 생성 필요,미분류,N3
流行,りゅうこう,ryuukou,뜻 자동 생성 필요,미분류,N3
思い出,おもいで,omoide,뜻 자동 생성 필요,미분류,N3
香り,かおり,kaori,뜻 자동 생성 필요,미분류,N3
砂漠,さばく,sabaku,뜻 자동 생성 필요,미분류,N3
祭り,まつり,matsuri,뜻 자동 생성 필요,미분류,N3
職,しょく,shoku,뜻 자동 생성 필요,미분류,N3
組,くみ,kumi,뜻 자동 생성 필요,미분류,N3
案内,あんない,annai,뜻 자동 생성 필요,미분류,N3
囲む,かこむ,kakomu,뜻 자동 생성 필요,미분류,N3
胃,い,i,뜻 자동 생성 필요,미분류,N3
煙,けむり,kemuri,뜻 자동 생성 필요,미분류,N3
奥,おく,oku,뜻 자동 생성 필요,미분류,N3
可,か,ka,뜻 자동 생성 필요,미분류,N3
家賃,やちん,yachin,뜻 자동 생성 필요,미분류,N3
覚悟,かくご,kakugo,뜻 자동 생성 필요,미분류,N3
間違い,まちがい,machigai,뜻 자동 생성 필요,미분류,N3
岸,きし,kishi,뜻 자동 생성 필요,미분류,N3
共に,ともに,tomoni,뜻 자동 생성 필요,미분류,N3
経由,けいゆ,keiyu,뜻 자동 생성 필요,미분류,N3
誇り,ほこり,hokori,뜻 자동 생성 필요,미분류,N3
誤り,あやまり,ayamari,뜻 자동 생성 필요,미분류,N3
誤解,ごかい,gokai,뜻 자동 생성 필요,미분류,N3
収穫,しゅうかく,shuukaku,뜻 자동 생성 필요,미분류,N3
修理,しゅうり,shuuri,뜻 자동 생성 필요,미분류,N3
宿,やど,yado,뜻 자동 생성 필요,미분류,N3
詳しい,くわしい,kuwashii,뜻 자동 생성 필요,미분류,N3
新鮮,しんせん,shinsen,뜻 자동 생성 필요,미분류,N3
進歩,しんぽ,shinpo,뜻 자동 생성 필요,미분류,N3
睡眠,すいみん,suimin,뜻 자동 생성 필요,미분류,N3
成人,せいじん,seijin,뜻 자동 생성 필요,미분류,N3
正直,しょうじき,shoujiki,뜻 자동 생성 필요,미분류,N3
想像,そうぞう,souzou,뜻 자동 생성 필요,미분류,N3
巣,す,su,뜻 자동 생성 필요,미분류,N3
速度,そくど,sokudo,뜻 자동 생성 필요,미분류,N3
多少,たしょう,tashou,뜻 자동 생성 필요,미분류,N3
仲,なか,naka,뜻 자동 생성 필요,미분류,N3
天然,てんねん,tennen,뜻 자동 생성 필요,미분류,N3
塔,とう,tou,뜻 자동 생성 필요,미분류,N3
突然,とつぜん,totsuzen,뜻 자동 생성 필요,미분류,N3
年代,ねんだい,nendai,뜻 자동 생성 필요,미분류,N3
梅,うめ,ume,뜻 자동 생성 필요,미분류,N3
半ば,なかば,nakaba,뜻 자동 생성 필요,미분류,N3
疲れ,つかれ,tsukare,뜻 자동 생성 필요,미분류,N3
瓶,びん,bin,뜻 자동 생성 필요,미분류,N3
不自由,ふじゆう,fujiyuu,뜻 자동 생성 필요,미분류,N3
普段,ふだん,fudan,뜻 자동 생성 필요,미분류,N3
平等,びょうどう,byoudou,뜻 자동 생성 필요,미분류,N3
柄,がら,gara,뜻 자동 생성 필요,미분류,N3
弁当,べんとう,bentou,뜻 자동 생성 필요,미분류,N3
堀,ほり,hori,뜻 자동 생성 필요,미분류,N3
妙,みょう,myou,뜻 자동 생성 필요,미분류,N3
問い,とい,toi,뜻 자동 생성 필요,미분류,N3
勇気,ゆうき,yuuki,뜻 자동 생성 필요,미분류,N3
予報,よほう,yohou,뜻 자동 생성 필요,미분류,N3
恋人,こいびと,koibito,뜻 자동 생성 필요,미분류,N3
一言,ひとこと,hitokoto,뜻 자동 생성 필요,미분류,N3
何でも,なんでも,nandemo,뜻 자동 생성 필요,미분류,N3
始まり,はじまり,hajimari,뜻 자동 생성 필요,미분류,N3
稲,いね,ine,뜻 자동 생성 필요,미분류,N3
王子,おうじ,ouji,뜻 자동 생성 필요,미분류,N3
下り,くだり,kudari,뜻 자동 생성 필요,미분류,N3
家具,かぐ,kagu,뜻 자동 생성 필요,미분류,N3
課,か,ka,뜻 자동 생성 필요,미분류,N3
芽,め,me,뜻 자동 생성 필요,미분류,N3
感謝,かんしゃ,kansha,뜻 자동 생성 필요,미분류,N3
観察,かんさつ,kansatsu,뜻 자동 생성 필요,미분류,N3
岩,いわ,iwa,뜻 자동 생성 필요,미분류,N3
気候,きこう,kikou,뜻 자동 생성 필요,미분류,N3
気味,きみ,kimi,뜻 자동 생성 필요,미분류,N3
鬼,おに,oni,뜻 자동 생성 필요,미분류,N3
休憩,きゅうけい,kyuukei,뜻 자동 생성 필요,미분류,N3
境,さかい,sakai,뜻 자동 생성 필요,미분류,N3
禁煙,きんえん,kinen,뜻 자동 생성 필요,미분류,N3
筋肉,きんにく,kinniku,뜻 자동 생성 필요,미분류,N3
金曜,きんよう,kinyou,뜻 자동 생성 필요,미분류,N3
苦手,にがて,nigate,뜻 자동 생성 필요,미분류,N3
結ぶ,むすぶ,musubu,뜻 자동 생성 필요,미분류,N3
見送り,みおくり,miokuri,뜻 자동 생성 필요,미분류,N3
好み,このみ,konomi,뜻 자동 생성 필요,미분류,N3
合わせる,あわせる,awaseru,뜻 자동 생성 필요,미분류,N3
豪華,ごうか,gouka,뜻 자동 생성 필요,미분류,N3
国語,こくご,kokugo,뜻 자동 생성 필요,미분류,N3
座席,ざせき,zaseki,뜻 자동 생성 필요,미분류,N3
才能,さいのう,sainou,뜻 자동 생성 필요,미분류,N3
酸素,さんそ,sanso,뜻 자동 생성 필요,미분류,N3
支払う,しはらう,shiharau,뜻 자동 생성 필요,미분류,N3
事,こと,koto,뜻 자동 생성 필요,미분류,N3
祝い,いわい,iwai,뜻 자동 생성 필요,미분류,N3
冗談,じょうだん,joudan,뜻 자동 생성 필요,미분류,N3
針,はり,hari,뜻 자동 생성 필요,미분류,N3
図,ず,zu,뜻 자동 생성 필요,미분류,N3
尊重,そんちょう,sonchou,뜻 자동 생성 필요,미분류,N3
袋,ふくろ,fukuro,뜻 자동 생성 필요,미분류,N3
大部分,だいぶぶん,daibubun,뜻 자동 생성 필요,미분류,N3
通行,つうこう,tsuukou,뜻 자동 생성 필요,미분류,N3
天候,てんこう,tenkou,뜻 자동 생성 필요,미분류,N3
到着,とうちゃく,touchaku,뜻 자동 생성 필요,미분류,N3
独身,どくしん,dokushin,뜻 자동 생성 필요,미분류,N3
読み,よみ,yomi,뜻 자동 생성 필요,미분류,N3
日付,ひづけ,hizuke,뜻 자동 생성 필요,미분류,N3
板,いた,ita,뜻 자동 생성 필요,미분류,N3
皮,かわ,kawa,뜻 자동 생성 필요,미분류,N3
氷,こおり,koori,뜻 자동 생성 필요,미분류,N3
不幸,ふこう,fukou,뜻 자동 생성 필요,미분류,N3
不利,ふり,furi,뜻 자동 생성 필요,미분류,N3
文句,もんく,monku,뜻 자동 생성 필요,미분류,N3
別れ,わかれ,wakare,뜻 자동 생성 필요,미분류,N3
抱える,かかえる,kakaeru,뜻 자동 생성 필요,미분류,N3
冒険,ぼうけん,bouken,뜻 자동 생성 필요,미분류,N3
面倒,めんどう,mendou,뜻 자동 생성 필요,미분류,N3
流す,ながす,nagasu,뜻 자동 생성 필요,미분류,N3
列,れつ,retsu,뜻 자동 생성 필요,미분류,N3
姉妹,しまい,shimai,뜻 자동 생성 필요,미분류,N3
様々,さまざま,samazama,뜻 자동 생성 필요,미분류,N3
良い,よい,yoi,뜻 자동 생성 필요,미분류,N3
菓子,かし,kashi,뜻 자동 생성 필요,미분류,N3
出会い,であい,deai,뜻 자동 생성 필요,미분류,N3
絶滅,ぜつめつ,zetsumetsu,뜻 자동 생성 필요,미분류,N3
向い,むかい,mukai,뜻 자동 생성 필요,미분류,N3
愛情,あいじょう,aijou,뜻 자동 생성 필요,미분류,N3
偉大,いだい,idai,뜻 자동 생성 필요,미분류,N3
運,うん,un,뜻 자동 생성 필요,미분류,N3
嫁,よめ,yome,뜻 자동 생성 필요,미분류,N3
回,かい,kai,뜻 자동 생성 필요,미분류,N3
感じる,かんじる,kanjiru,뜻 자동 생성 필요,미분류,N3
奇妙,きみょう,kimyou,뜻 자동 생성 필요,미분류,N3
救助,きゅうじょ,kyuujo,뜻 자동 생성 필요,미분류,N3
局,きょく,kyoku,뜻 자동 생성 필요,미분류,N3
金庫,きんこ,kinko,뜻 자동 생성 필요,미분류,N3
備える,そなえる,sonaeru,뜻 자동 생성 필요,미분류,N3
繰り返す,くりかえす,kurikaesu,뜻 자동 생성 필요,미분류,N3
語る,かたる,kataru,뜻 자동 생성 필요,미분류,N3
時刻,じこく,jikoku,뜻 자동 생성 필요,미분류,N3
守る,まもる,mamoru,뜻 자동 생성 필요,미분류,N3
渋滞,じゅうたい,juutai,뜻 자동 생성 필요,미분류,N3
小屋,こや,koya,뜻 자동 생성 필요,미분류,N3
信仰,しんこう,shinkou,뜻 자동 생성 필요,미분류,N3
図書,としょ,tosho,뜻 자동 생성 필요,미분류,N3
盛り,さかり,sakari,뜻 자동 생성 필요,미분류,N3
石炭,せきたん,sekitan,뜻 자동 생성 필요,미분류,N3
釣り,つり,tsuri,뜻 자동 생성 필요,미분류,N3
典型,てんけい,tenkei,뜻 자동 생성 필요,미분류,N3
納得,なっとく,nattoku,뜻 자동 생성 필요,미분류,N3
破産,はさん,hasan,뜻 자동 생성 필요,미분류,N3
背,せい,sei,뜻 자동 생성 필요,미분류,N3
批評,ひひょう,hihyou,뜻 자동 생성 필요,미분류,N3
革,かわ,kawa,뜻 자동 생성 필요,미분류,N3
筆,ふで,fude,뜻 자동 생성 필요,미분류,N3
服装,ふくそう,fukusou,뜻 자동 생성 필요,미분류,N3
物理,ぶつり,butsuri,뜻 자동 생성 필요,미분류,N3
味方,みかた,mikata,뜻 자동 생성 필요,미분류,N3
無事,ぶじ,buji,뜻 자동 생성 필요,미분류,N3
黙る,だまる,damaru,뜻 자동 생성 필요,미분류,N3
裸,はだか,hadaka,뜻 자동 생성 필요,미분류,N3
灯,ひ,hi,뜻 자동 생성 필요,미분류,N3
科目,かもく,kamoku,뜻 자동 생성 필요,미분류,N3
幸せ,しあわせ,shiawase,뜻 자동 생성 필요,미분류,N3
集まり,あつまり,atsumari,뜻 자동 생성 필요,미분류,N3
続き,つづき,tsuzuki,뜻 자동 생성 필요,미분류,N3
快適,かいてき,kaiteki,뜻 자동 생성 필요,미분류,N3
悪魔,あくま,akuma,뜻 자동 생성 필요,미분류,N3
永遠,えいえん,eien,뜻 자동 생성 필요,미분류,N3
横断,おうだん,oudan,뜻 자동 생성 필요,미분류,N3
穏やか,おだやか,odayaka,뜻 자동 생성 필요,미분류,N3
外出,がいしゅつ,gaishutsu,뜻 자동 생성 필요,미분류,N3
学問,がくもん,gakumon,뜻 자동 생성 필요,미분류,N3
感心,かんしん,kanshin,뜻 자동 생성 필요,미분류,N3
帰宅,きたく,kitaku,뜻 자동 생성 필요,미분류,N3
技師,ぎし,gishi,뜻 자동 생성 필요,미분류,N3
逆,ぎゃく,gyaku,뜻 자동 생성 필요,미분류,N3
吸収,きゅうしゅう,kyuushuu,뜻 자동 생성 필요,미분류,N3
区別,くべつ,kubetsu,뜻 자동 생성 필요,미분류,N3
欠席,けっせき,kesseki,뜻 자동 생성 필요,미분류,N3
月曜,げつよう,getsuyou,뜻 자동 생성 필요,미분류,N3
後者,こうしゃ,kousha,뜻 자동 생성 필요,미분류,N3
語学,ごがく,gogaku,뜻 자동 생성 필요,미분류,N3
公平,こうへい,kouhei,뜻 자동 생성 필요,미분류,N3
皿,さら,sara,뜻 자동 생성 필요,미분류,N3
自慢,じまん,jiman,뜻 자동 생성 필요,미분류,N3
手間,てま,tema,뜻 자동 생성 필요,미분류,N3
城,しろ,shiro,뜻 자동 생성 필요,미분류,N3
食卓,しょくたく,shokutaku,뜻 자동 생성 필요,미분류,N3
相続,そうぞく,souzoku,뜻 자동 생성 필요,미분류,N3
断る,ことわる,kotowaru,뜻 자동 생성 필요,미분류,N3
通学,つうがく,tsuugaku,뜻 자동 생성 필요,미분류,N3
泥,どろ,doro,뜻 자동 생성 필요,미분류,N3
当てる,あてる,ateru,뜻 자동 생성 필요,미분류,N3
毒,どく,doku,뜻 자동 생성 필요,미분류,N3
望み,のぞみ,nozomi,뜻 자동 생성 필요,미분류,N3
友情,ゆうじょう,yuujou,뜻 자동 생성 필요,미분류,N3
誘う,さそう,sasou,뜻 자동 생성 필요,미분류,N3
翼,つばさ,tsubasa,뜻 자동 생성 필요,미분류,N3
係,かかり,kakari,뜻 자동 생성 필요,미분류,N3
便,びん,bin,뜻 자동 생성 필요,미분류,N3
愛する,あいする,aisuru,뜻 자동 생성 필요,미분류,N3
握手,あくしゅ,akushu,뜻 자동 생성 필요,미분류,N3
鋭い,するどい,surudoi,뜻 자동 생성 필요,미분류,N3
炎,ほのお,honoo,뜻 자동 생성 필요,미분류,N3
勘定,かんじょう,kanjou,뜻 자동 생성 필요,미분류,N3
苦痛,くつう,kutsuu,뜻 자동 생성 필요,미분류,N3
交際,こうさい,kousai,뜻 자동 생성 필요,미분류,N3
幸福,こうふく,koufuku,뜻 자동 생성 필요,미분류,N3
高価,こうか,kouka,뜻 자동 생성 필요,미분류,N3
穀物,こくもつ,kokumotsu,뜻 자동 생성 필요,미분류,N3
婚約,こんやく,konyaku,뜻 자동 생성 필요,미분류,N3
混雑,こんざつ,konzatsu,뜻 자동 생성 필요,미분류,N3
失望,しつぼう,shitsubou,뜻 자동 생성 필요,미분류,N3
順番,じゅんばん,junban,뜻 자동 생성 필요,미분류,N3
承知,しょうち,shouchi,뜻 자동 생성 필요,미분류,N3
食物,しょくもつ,shokumotsu,뜻 자동 생성 필요,미분류,N3
舌,した,shita,뜻 자동 생성 필요,미분류,N3
中古,ちゅうこ,chuuko,뜻 자동 생성 필요,미분류,N3
徹夜,てつや,tetsuya,뜻 자동 생성 필요,미분류,N3
頭痛,ずつう,zutsuu,뜻 자동 생성 필요,미분류,N3
鍋,なべ,nabe,뜻 자동 생성 필요,미분류,N3
日光,にっこう,nikkou,뜻 자동 생성 필요,미분류,N3
配達,はいたつ,haitatsu,뜻 자동 생성 필요,미분류,N3
発達,はったつ,hattatsu,뜻 자동 생성 필요,미분류,N3
美人,びじん,bijin,뜻 자동 생성 필요,미분류,N3
宝石,ほうせき,houseki,뜻 자동 생성 필요,미분류,N3
霧,きり,kiri,뜻 자동 생성 필요,미분류,N3
木曜,もくよう,mokuyou,뜻 자동 생성 필요,미분류,N3
話し合う,はなしあう,hanashiau,뜻 자동 생성 필요,미분류,N3
永久,えいきゅう,eikyuu,뜻 자동 생성 필요,미분류,N3
雷,かみなり,kaminari,뜻 자동 생성 필요,미분류,N3
覆う,おおう,oou,뜻 자동 생성 필요,미분류,N3
越える,こえる,koeru,뜻 자동 생성 필요,미분류,N3
乗せる,のせる,noseru,뜻 자동 생성 필요,미분류,N3
見舞い,みまい,mimai,뜻 자동 생성 필요,미분류,N3
隠す,かくす,kakusu,뜻 자동 생성 필요,미분류,N3
活気,かっき,kakki,뜻 자동 생성 필요,미분류,N3
勘,かん,kan,뜻 자동 생성 필요,미분류,N3
居間,いま,ima,뜻 자동 생성 필요,미분류,N3
叫ぶ,さけぶ,sakebu,뜻 자동 생성 필요,미분류,N3
句,く,ku,뜻 자동 생성 필요,미분류,N3
敬意,けいい,keii,뜻 자동 생성 필요,미분류,N3
欠点,けってん,ketten,뜻 자동 생성 필요,미분류,N3
考慮,こうりょ,kouryo,뜻 자동 생성 필요,미분류,N3
克服,こくふく,kokufuku,뜻 자동 생성 필요,미분류,N3
骨折,こっせつ,kossetsu,뜻 자동 생성 필요,미분류,N3
手伝い,てつだい,tetsudai,뜻 자동 생성 필요,미분류,N3
受け取る,うけとる,uketoru,뜻 자동 생성 필요,미분류,N3
週間,しゅうかん,shuukan,뜻 자동 생성 필요,미분류,N3
奨学金,しょうがくきん,shougakukin,뜻 자동 생성 필요,미분류,N3
小麦,こむぎ,komugi,뜻 자동 생성 필요,미분류,N3
清潔,せいけつ,seiketsu,뜻 자동 생성 필요,미분류,N3
節約,せつやく,setsuyaku,뜻 자동 생성 필요,미분류,N3
注,ちゅう,chuu,뜻 자동 생성 필요,미분류,N3
駐車,ちゅうしゃ,chuusha,뜻 자동 생성 필요,미분류,N3
笛,ふえ,fue,뜻 자동 생성 필요,미분류,N3
刀,かたな,katana,뜻 자동 생성 필요,미분류,N3
飛び出す,とびだす,tobidasu,뜻 자동 생성 필요,미분류,N3
歩道,ほどう,hodou,뜻 자동 생성 필요,미분류,N3
方,ほう,hou,뜻 자동 생성 필요,미분류,N3
望む,のぞむ,nozomu,뜻 자동 생성 필요,미분류,N3
要するに,ようするに,you suru ni,뜻 자동 생성 필요,미분류,N3
嵐,あらし,arashi,뜻 자동 생성 필요,미분류,N3
行き,いき,iki,뜻 자동 생성 필요,미분류,N3
豆,まめ,mame,뜻 자동 생성 필요,미분류,N3
学,がく,gaku,뜻 자동 생성 필요,미분류,N3
扱う,あつかう,atsukau,뜻 자동 생성 필요,미분류,N3
移す,うつす,utsusu,뜻 자동 생성 필요,미분류,N3
衣服,いふく,ifuku,뜻 자동 생성 필요,미분류,N3
楽,らく,raku,뜻 자동 생성 필요,미분류,N3
掲示,けいじ,keiji,뜻 자동 생성 필요,미분류,N3
迎え,むかえ,mukae,뜻 자동 생성 필요,미분류,N3
食欲,しょくよく,shokuyoku,뜻 자동 생성 필요,미분류,N3
真っ赤,まっか,makka,뜻 자동 생성 필요,미분류,N3
診察,しんさつ,shinsatsu,뜻 자동 생성 필요,미분류,N3
生き物,いきもの,ikimono,뜻 자동 생성 필요,미분류,N3
前者,ぜんしゃ,zensha,뜻 자동 생성 필요,미분류,N3
双子,ふたご,futago,뜻 자동 생성 필요,미분류,N3
頂上,ちょうじょう,choujou,뜻 자동 생성 필요,미분류,N3
不思議,ふしぎ,fushigi,뜻 자동 생성 필요,미분류,N3
物事,ものごと,monogoto,뜻 자동 생성 필요,미분류,N3
粉,こな,kona,뜻 자동 생성 필요,미분류,N3
塀,へい,hei,뜻 자동 생성 필요,미분류,N3
便り,たより,tayori,뜻 자동 생성 필요,미분류,N3
泡,あわ,awa,뜻 자동 생성 필요,미분류,N3
毛布,もうふ,moufu,뜻 자동 생성 필요,미분류,N3
商人,しょうにん,shounin,뜻 자동 생성 필요,미분류,N3
梅雨,つゆ,tsuyu,뜻 자동 생성 필요,미분류,N3
空き,あき,aki,뜻 자동 생성 필요,미분류,N3
段,だん,dan,뜻 자동 생성 필요,미분류,N3
老い,おい,oi,뜻 자동 생성 필요,미분류,N3
悪口,わるぐち,waruguchi,뜻 자동 생성 필요,미분류,N3
意志,いし,ishi,뜻 자동 생성 필요,미분류,N3
猿,さる,saru,뜻 자동 생성 필요,미분류,N3
我慢,がまん,gaman,뜻 자동 생성 필요,미분류,N3
外す,はずす,hazusu,뜻 자동 생성 필요,미분류,N3
疑う,うたがう,utagau,뜻 자동 생성 필요,미분류,N3
勤め,つとめ,tsutome,뜻 자동 생성 필요,미분류,N3
偶然,ぐうぜん,guuzen,뜻 자동 생성 필요,미분류,N3
構う,かまう,kamau,뜻 자동 생성 필요,미분류,N3
芝生,しばふ,shibafu,뜻 자동 생성 필요,미분류,N3
邪魔,じゃま,jama,뜻 자동 생성 필요,미분류,N3
従って,したがって,shitagatte,뜻 자동 생성 필요,미분류,N3
書物,しょもつ,shomotsu,뜻 자동 생성 필요,미분류,N3
親友,しんゆう,shinyuu,뜻 자동 생성 필요,미분류,N3
体温,たいおん,taion,뜻 자동 생성 필요,미분류,N3
題,だい,dai,뜻 자동 생성 필요,미분류,N3
単語,たんご,tango,뜻 자동 생성 필요,미분류,N3
道徳,どうとく,doutoku,뜻 자동 생성 필요,미분류,N3
謎,なぞ,nazo,뜻 자동 생성 필요,미분류,N3
破る,やぶる,yaburu,뜻 자동 생성 필요,미분류,N3
無視,むし,mushi,뜻 자동 생성 필요,미분류,N3
夜明け,よあけ,yoake,뜻 자동 생성 필요,미분류,N3
王様,おうさま,ousama,뜻 자동 생성 필요,미분류,N3
回す,まわす,mawasu,뜻 자동 생성 필요,미분류,N3
完了,かんりょう,kanryou,뜻 자동 생성 필요,미분류,N3
記入,きにゅう,kinyuu,뜻 자동 생성 필요,미분류,N3
起こる,おこる,okoru,뜻 자동 생성 필요,미분류,N3
救う,すくう,sukuu,뜻 자동 생성 필요,미분류,N3
恐らく,おそらく,osoraku,뜻 자동 생성 필요,미분류,N3
幸い,さいわい,saiwai,뜻 자동 생성 필요,미분류,N3
支度,したく,shitaku,뜻 자동 생성 필요,미분류,N3
素敵,すてき,suteki,뜻 자동 생성 필요,미분류,N3
達する,たっする,tassuru,뜻 자동 생성 필요,미분류,N3
無駄,むだ,muda,뜻 자동 생성 필요,미분류,N3
裏切る,うらぎる,uragiru,뜻 자동 생성 필요,미분류,N3
明かり,あかり,akari,뜻 자동 생성 필요,미분류,N3
恐れる,おそれる,osoreru,뜻 자동 생성 필요,미분류,N3
少々,しょうしょう,shoushou,뜻 자동 생성 필요,미분류,N3
沖,おき,oki,뜻 자동 생성 필요,미분류,N3
学期,がっき,gakki,뜻 자동 생성 필요,미분류,N3
機嫌,きげん,kigen,뜻 자동 생성 필요,미분류,N3
決心,けっしん,kesshin,뜻 자동 생성 필요,미분류,N3
嫌う,きらう,kirau,뜻 자동 생성 필요,미분류,N3
合図,あいず,aizu,뜻 자동 생성 필요,미분류,N3
次第,しだい,shidai,뜻 자동 생성 필요,미분류,N3
全然,ぜんぜん,zenzen,뜻 자동 생성 필요,미분류,N3
素晴らしい,すばらしい,subarashii,뜻 자동 생성 필요,미분류,N3
組む,くむ,kumu,뜻 자동 생성 필요,미분류,N3
年中,ねんじゅう,nenjuu,뜻 자동 생성 필요,미분류,N3
燃える,もえる,moeru,뜻 자동 생성 필요,미분류,N3
発明,はつめい,hatsumei,뜻 자동 생성 필요,미분류,N3
万一,まんいち,manichi,뜻 자동 생성 필요,미분류,N3
礼儀,れいぎ,reigi,뜻 자동 생성 필요,미분류,N3
追いつく,おいつく,oitsuku,뜻 자동 생성 필요,미분류,N3
引用,いんよう,inyou,뜻 자동 생성 필요,미분류,N3
害,がい,gai,뜻 자동 생성 필요,미분류,N3
券,けん,ken,뜻 자동 생성 필요,미분류,N3
軒,のき,noki,뜻 자동 생성 필요,미분류,N3
好む,このむ,konomu,뜻 자동 생성 필요,미분류,N3
硬貨,こうか,kouka,뜻 자동 생성 필요,미분류,N3
数える,かぞえる,kazoeru,뜻 자동 생성 필요,미분류,N3
尊敬,そんけい,sonkei,뜻 자동 생성 필요,미분류,N3
答案,とうあん,touan,뜻 자동 생성 필요,미분류,N3
連れ,つれ,tsure,뜻 자동 생성 필요,미분류,N3
年月,としつき,toshitsuki,뜻 자동 생성 필요,미분류,N3
虫歯,むしば,mushiba,뜻 자동 생성 필요,미분류,N3
恩,おん,on,뜻 자동 생성 필요,미분류,N3
下さる,くださる,kudasaru,뜻 자동 생성 필요,미분류,N3
火曜,かよう,kayou,뜻 자동 생성 필요,미분류,N3
刈る,かる,karu,뜻 자동 생성 필요,미분류,N3
苦しい,くるしい,kurushii,뜻 자동 생성 필요,미분류,N3
更に,さらに,sarani,뜻 자동 생성 필요,미분류,N3
試す,ためす,tamesu,뜻 자동 생성 필요,미분류,N3
出来るだけ,できるだけ,dekirudake,뜻 자동 생성 필요,미분류,N3
上京,じょうきょう,joukyou,뜻 자동 생성 필요,미분류,N3
束,たば,taba,뜻 자동 생성 필요,미분류,N3
動かす,うごかす,ugokasu,뜻 자동 생성 필요,미분류,N3
悩む,なやむ,nayamu,뜻 자동 생성 필요,미분류,N3
貧しい,まずしい,mazushii,뜻 자동 생성 필요,미분류,N3
不可,ふか,fuka,뜻 자동 생성 필요,미분류,N3
予期,よき,yoki,뜻 자동 생성 필요,미분류,N3
幸運,こううん,kouun,뜻 자동 생성 필요,미분류,N3
見当,けんとう,kentou,뜻 자동 생성 필요,미분류,N3
語,ご,go,뜻 자동 생성 필요,미분류,N3
粗末,そまつ,somatsu,뜻 자동 생성 필요,미분류,N3
知能,ちのう,chinou,뜻 자동 생성 필요,미분류,N3
適度,てきど,tekido,뜻 자동 생성 필요,미분류,N3
髪の毛,かみのけ,kaminoke,뜻 자동 생성 필요,미분류,N3
愉快,ゆかい,yukai,뜻 자동 생성 필요,미분류,N3
有能,ゆうのう,yuunou,뜻 자동 생성 필요,미분류,N3
両替,りょうがえ,ryougae,뜻 자동 생성 필요,미분류,N3
脇,わき,waki,뜻 자동 생성 필요,미분류,N3
居る,おる,oru,뜻 자동 생성 필요,미분류,N3
頼る,たよる,tayoru,뜻 자동 생성 필요,미분류,N3
出会う,であう,deau,뜻 자동 생성 필요,미분류,N3
引っ張る,ひっぱる,hipparu,뜻 자동 생성 필요,미분류,N3
作法,さほう,sahou,뜻 자동 생성 필요,미분류,N3
握る,にぎる,nigiru,뜻 자동 생성 필요,미분류,N3
加減,かげん,kagen,뜻 자동 생성 필요,미분류,N3
確かめる,たしかめる,tashikameru,뜻 자동 생성 필요,미분류,N3
恐ろしい,おそろしい,osoroshii,뜻 자동 생성 필요,미분류,N3
減らす,へらす,herasu,뜻 자동 생성 필요,미분류,N3
減る,へる,heru,뜻 자동 생성 필요,미분류,N3
黒板,こくばん,kokuban,뜻 자동 생성 필요,미분류,N3
鎖,くさり,kusari,뜻 자동 생성 필요,미분류,N3
書斎,しょさい,shosai,뜻 자동 생성 필요,미분류,N3
助ける,たすける,tasukeru,뜻 자동 생성 필요,미분류,N3
尻,しり,shiri,뜻 자동 생성 필요,미분류,N3
辺り,あたり,atari,뜻 자동 생성 필요,미분류,N3
泳ぎ,およぎ,oyogi,뜻 자동 생성 필요,미분류,N3
育つ,そだつ,sodatsu,뜻 자동 생성 필요,미분류,N3
加わる,くわわる,kuwawaru,뜻 자동 생성 필요,미분류,N3
申し訳,もうしわけ,moushiwake,뜻 자동 생성 필요,미분류,N3
正確,せいかく,seikaku,뜻 자동 생성 필요,미분류,N3
眺める,ながめる,nagameru,뜻 자동 생성 필요,미분류,N3
縄,なわ,nawa,뜻 자동 생성 필요,미분류,N3
預ける,あずける,azukeru,뜻 자동 생성 필요,미분류,N3
収める,おさめる,osameru,뜻 자동 생성 필요,미분류,N3
訓,くん,kun,뜻 자동 생성 필요,미분류,N3
嘘,うそ,uso,뜻 자동 생성 필요,미분류,N3
今に,いまに,imani,뜻 자동 생성 필요,미분류,N3
倒す,たおす,taosu,뜻 자동 생성 필요,미분류,N3
命じる,めいじる,meijiru,뜻 자동 생성 필요,미분류,N3
用いる,もちいる,mochiiru,뜻 자동 생성 필요,미분류,N3
小包,こづつみ,kozutsumi,뜻 자동 생성 필요,미분류,N3
激しい,はげしい,hageshii,뜻 자동 생성 필요,미분류,N3
悲しむ,かなしむ,kanashimu,뜻 자동 생성 필요,미분류,N3
癖,くせ,kuse,뜻 자동 생성 필요,미분류,N3
戻す,もどす,modosu,뜻 자동 생성 필요,미분류,N3
厄介,やっかい,yakkai,뜻 자동 생성 필요,미분류,N3
度々,たびたび,tabitabi,뜻 자동 생성 필요,미분류,N3
噂,うわさ,uwasa,뜻 자동 생성 필요,미분류,N3
加える,くわえる,kuwaeru,뜻 자동 생성 필요,미분류,N3
試し,ためし,tameshi,뜻 자동 생성 필요,미분류,N3
祝う,いわう,iwau,뜻 자동 생성 필요,미분류,N3
親しい,したしい,shitashii,뜻 자동 생성 필요,미분류,N3
駄目,だめ,dame,뜻 자동 생성 필요,미분류,N3
閉じる,とじる,tojiru,뜻 자동 생성 필요,미분류,N3
雇う,やとう,yatou,뜻 자동 생성 필요,미분류,N3
決まり,きまり,kimari,뜻 자동 생성 필요,미분류,N3
餌,えさ,esa,뜻 자동 생성 필요,미분류,N3
学ぶ,まなぶ,manabu,뜻 자동 생성 필요,미분류,N3
似合う,にあう,niau,뜻 자동 생성 필요,미분류,N3
真剣,しんけん,shinken,뜻 자동 생성 필요,미분류,N3
霜,しも,shimo,뜻 자동 생성 필요,미분류,N3
袖,そで,sode,뜻 자동 생성 필요,미분류,N3
地平線,ちへいせん,chiheisen,뜻 자동 생성 필요,미분류,N3
遅刻,ちこく,chikoku,뜻 자동 생성 필요,미분류,N3
通り過ぎる,とおりすぎる,toorisugiru,뜻 자동 생성 필요,미분류,N3
発車,はっしゃ,hassha,뜻 자동 생성 필요,미분류,N3
罰する,ばっする,bassuru,뜻 자동 생성 필요,미분류,N3
防ぐ,ふせぐ,fusegu,뜻 자동 생성 필요,미분류,N3
日本,にほん,nihon,뜻 자동 생성 필요,미분류,N3
割る,わる,waru,뜻 자동 생성 필요,미분류,N3
居眠り,いねむり,inemuri,뜻 자동 생성 필요,미분류,N3
強調,きょうちょう,kyouchou,뜻 자동 생성 필요,미분류,N3
行儀,ぎょうぎ,gyougi,뜻 자동 생성 필요,미분류,N3
飼う,かう,kau,뜻 자동 생성 필요,미분류,N3
反抗,はんこう,hankou,뜻 자동 생성 필요,미분류,N3
飛ばす,とばす,tobasu,뜻 자동 생성 필요,미분류,N3
包み,つつみ,tsutsumi,뜻 자동 생성 필요,미분류,N3
要点,ようてん,youten,뜻 자동 생성 필요,미분류,N3
劣る,おとる,otoru,뜻 자동 생성 필요,미분류,N3
論じる,ろんじる,ronjiru,뜻 자동 생성 필요,미분류,N3
飽きる,あきる,akiru,뜻 자동 생성 필요,미분류,N3
満ちる,みちる,michiru,뜻 자동 생성 필요,미분류,N3
途端,とたん,totan,뜻 자동 생성 필요,미분류,N3
程,ほど,hodo,뜻 자동 생성 필요,미분류,N3
膝,ひざ,hiza,뜻 자동 생성 필요,미분류,N3
含む,ふくむ,fukumu,뜻 자동 생성 필요,미분류,N3
気の毒,きのどく,kinodoku,뜻 자동 생성 필요,미분류,N3
手品,てじな,tejina,뜻 자동 생성 필요,미분류,N3
誰か,だれか,dareka,뜻 자동 생성 필요,미분류,N3
与える,あたえる,ataeru,뜻 자동 생성 필요,미분류,N3
用心,ようじん,youjin,뜻 자동 생성 필요,미분류,N3
連想,れんそう,rensou,뜻 자동 생성 필요,미분류,N3
例え,たとえ,tatoe,뜻 자동 생성 필요,미분류,N3
眺め,ながめ,nagame,뜻 자동 생성 필요,미분류,N3
お昼,おひる,ohiru,뜻 자동 생성 필요,미분류,N3
越す,こす,kosu,뜻 자동 생성 필요,미분류,N3
去る,さる,saru,뜻 자동 생성 필요,미분류,N3
狂う,くるう,kuruu,뜻 자동 생성 필요,미분류,N3
不平,ふへい,fuhei,뜻 자동 생성 필요,미분류,N3
匂い,におい,nioi,뜻 자동 생성 필요,미분류,N3
賢い,かしこい,kashikoi,뜻 자동 생성 필요,미분류,N3
親戚,しんせき,shinseki,뜻 자동 생성 필요,미분류,N3
随分,ずいぶん,zuibun,뜻 자동 생성 필요,미분류,N3
迷子,まいご,maigo,뜻 자동 생성 필요,미분류,N3
離す,はなす,hanasu,뜻 자동 생성 필요,미분류,N3
持ち上げる,もちあげる,mochiageru,뜻 자동 생성 필요,미분류,N3
過ごす,すごす,sugosu,뜻 자동 생성 필요,미분류,N3
願う,ねがう,negau,뜻 자동 생성 필요,미분류,N3
及ぼす,およぼす,oyobosu,뜻 자동 생성 필요,미분류,N3
上達,じょうたつ,joutatsu,뜻 자동 생성 필요,미분류,N3
詰まり,つまり,tsumari,뜻 자동 생성 필요,미분류,N3
兎,うさぎ,usagi,뜻 자동 생성 필요,미분류,N3
濃い,こい,koi,뜻 자동 생성 필요,미분류,N3
頬,ほお,hoo,뜻 자동 생성 필요,미분류,N3
暗記,あんき,anki,뜻 자동 생성 필요,미분류,N3
凍る,こおる,kooru,뜻 자동 생성 필요,미분류,N3
喉,のど,nodo,뜻 자동 생성 필요,미분류,N3
硬い,かたい,katai,뜻 자동 생성 필요,미분류,N3
動詞,どうし,doushi,뜻 자동 생성 필요,미분류,N3
秒,びょう,byou,뜻 자동 생성 필요,미분류,N3
物音,ものおと,monooto,뜻 자동 생성 필요,미분류,N3
食う,くう,kuu,뜻 자동 생성 필요,미분류,N3
広がる,ひろがる,hirogaru,뜻 자동 생성 필요,미분류,N3
基づく,もとづく,motozuku,뜻 자동 생성 필요,미분류,N3
対する,たいする,taisuru,뜻 자동 생성 필요,미분류,N3
哀れ,あわれ,aware,뜻 자동 생성 필요,미분류,N3
生じる,しょうじる,shoujiru,뜻 자동 생성 필요,미분류,N3
夢中,むちゅう,muchuu,뜻 자동 생성 필요,미분류,N3
約,やく,yaku,뜻 자동 생성 필요,미분류,N3
横切る,よこぎる,yokogiru,뜻 자동 생성 필요,미분류,N3
積もる,つもる,tsumoru,뜻 자동 생성 필요,미분류,N3
適する,てきする,tekisuru,뜻 자동 생성 필요,미분류,N3
当たる,あたる,ataru,뜻 자동 생성 필요,미분류,N3
転ぶ,ころぶ,korobu,뜻 자동 생성 필요,미분류,N3
表す,あらわす,arawasu,뜻 자동 생성 필요,미분류,N3
真面目,まじめ,majime,뜻 자동 생성 필요,미분류,N3
認める,みとめる,mitomeru,뜻 자동 생성 필요,미분류,N3
腐る,くさる,kusaru,뜻 자동 생성 필요,미분류,N3
一人一人,ひとりひとり,hitorihitori,뜻 자동 생성 필요,미분류,N3
喧嘩,けんか,kenka,뜻 자동 생성 필요,미분류,N3
鼠,ねずみ,nezumi,뜻 자동 생성 필요,미분류,N3
無し,なし,nashi,뜻 자동 생성 필요,미분류,N3
或る,ある,aru,뜻 자동 생성 필요,미분류,N3
関する,かんする,kansuru,뜻 자동 생성 필요,미분류,N3
辞める,やめる,yameru,뜻 자동 생성 필요,미분류,N3
信じる,しんじる,shinjiru,뜻 자동 생성 필요,미분류,N3
停留所,ていりゅうじょ,teiryuujo,뜻 자동 생성 필요,미분류,N3
譲る,ゆずる,yuzuru,뜻 자동 생성 필요,미분류,N3
申し込む,もうしこむ,moushikomu,뜻 자동 생성 필요,미분류,N3
酔う,よう,you,뜻 자동 생성 필요,미분류,N3
訴える,うったえる,uttaeru,뜻 자동 생성 필요,미분류,N3
暮らす,くらす,kurasu,뜻 자동 생성 필요,미분류,N3
咳,せき,seki,뜻 자동 생성 필요,미분류,N3
逆らう,さからう,sakarau,뜻 자동 생성 필요,미분류,N3
退屈,たいくつ,taikutsu,뜻 자동 생성 필요,미분류,N3
覚める,さめる,sameru,뜻 자동 생성 필요,미분류,N3
経つ,たつ,tatsu,뜻 자동 생성 필요,미분류,N3
沈む,しずむ,shizumu,뜻 자동 생성 필요,미분류,N3
等しい,ひとしい,hitoshii,뜻 자동 생성 필요,미분류,N3
紐,ひも,himo,뜻 자동 생성 필요,미분류,N3
現れ,あらわれ,araware,뜻 자동 생성 필요,미분류,N3
異なる,ことなる,kotonaru,뜻 자동 생성 필요,미분류,N3
稼ぐ,かせぐ,kasegu,뜻 자동 생성 필요,미분류,N3
気に入る,きにいる,kiniiru,뜻 자동 생성 필요,미분류,N3
取り上げる,とりあげる,toriageru,뜻 자동 생성 필요,미분류,N3
振る,ふる,furu,뜻 자동 생성 필요,미분류,N3
真似,まね,mane,뜻 자동 생성 필요,미분류,N3
粗い,あらい,arai,뜻 자동 생성 필요,미분류,N3
貰う,もらう,morau,뜻 자동 생성 필요,미분류,N3
立ち上がる,たちあがる,tachiagaru,뜻 자동 생성 필요,미분류,N3
最中,さいちゅう,saichuu,뜻 자동 생성 필요,미분류,N3
伸ばす,のばす,nobasu,뜻 자동 생성 필요,미분류,N3
覚ます,さます,samasu,뜻 자동 생성 필요,미분류,N3
指す,さす,sasu,뜻 자동 생성 필요,미분류,N3
上等,じょうとう,joutou,뜻 자동 생성 필요,미분류,N3
即ち,すなわち,sunawachi,뜻 자동 생성 필요,미분류,N3
討つ,うつ,utsu,뜻 자동 생성 필요,미분류,N3
余分,よぶん,yobun,뜻 자동 생성 필요,미분류,N3
贅沢,ぜいたく,zeitaku,뜻 자동 생성 필요,미분류,N3
器用,きよう,kiyou,뜻 자동 생성 필요,미분류,N3
捕まる,つかまる,tsukamaru,뜻 자동 생성 필요,미분류,N3
幼い,おさない,osanai,뜻 자동 생성 필요,미분류,N3
苦しむ,くるしむ,kurushimu,뜻 자동 생성 필요,미분류,N3
伺う,うかがう,ukagau,뜻 자동 생성 필요,미분류,N3
正に,まさに,masani,뜻 자동 생성 필요,미분류,N3
責める,せめる,semeru,뜻 자동 생성 필요,미분류,N3
頂戴,ちょうだい,choudai,뜻 자동 생성 필요,미분류,N3
通じる,つうじる,tsuujiru,뜻 자동 생성 필요,미분류,N3
放す,はなす,hanasu,뜻 자동 생성 필요,미분류,N3
馬鹿,ばか,baka,뜻 자동 생성 필요,미분류,N3
至る,いたる,itaru,뜻 자동 생성 필요,미분류,N3
従う,したがう,shitagau,뜻 자동 생성 필요,미분류,N3
述べる,のべる,noberu,뜻 자동 생성 필요,미분류,N3
被る,かぶる,kaburu,뜻 자동 생성 필요,미분류,N3
増す,ます,masu,뜻 자동 생성 필요,미분류,N3
流れる,ながれる,nagareru,뜻 자동 생성 필요,미분류,N3
勧める,すすめる,susumeru,뜻 자동 생성 필요,미분류,N3
アイスクリーム,あいすくりーむ,aisukurimu,뜻 자동 생성 필요,미분류,N3
キャンプ,きゃんぷ,kyanpu,뜻 자동 생성 필요,미분류,N3
グループ,ぐるーぷ,gurupu,뜻 자동 생성 필요,미분류,N3
ケース,けーす,kesu,뜻 자동 생성 필요,미분류,N3
スイッチ,すいっち,suicchi,뜻 자동 생성 필요,미분류,N3
チーム,ちーむ,chimu,뜻 자동 생성 필요,미분류,N3
デモ,でも,demo,뜻 자동 생성 필요,미분류,N3
トランプ,とらんぷ,toranpu,뜻 자동 생성 필요,미분류,N3
ドラマ,どらま,dorama,뜻 자동 생성 필요,미분류,N3
パイプ,ぱいぷ,paipu,뜻 자동 생성 필요,미분류,N3
パイロット,ぱいろっと,pairotto,뜻 자동 생성 필요,미분류,N3
パスポート,ぱすぽーと,pasupoto,뜻 자동 생성 필요,미분류,N3
ママ,まま,mama,뜻 자동 생성 필요,미분류,N3
ミス,みす,misu,뜻 자동 생성 필요,미분류,N3
メモ,めも,memo,뜻 자동 생성 필요,미분류,N3
ライター,らいたー,raitaa,뜻 자동 생성 필요,미분류,N3
お前,おまえ,omae,뜻 자동 생성 필요,미분류,N3
お喋り,おしゃべり,oshaberi,뜻 자동 생성 필요,미분류,N3
かも知れない,かもしれない,kamoshirenai,뜻 자동 생성 필요,미분류,N3
頻りに,しきりに,shikirini,뜻 자동 생성 필요,미분류,N3
屡々,しばしば,shibashiba,뜻 자동 생성 필요,미분류,N3
その内,そのうち,sonouchi,뜻 자동 생성 필요,미분류,N3
所が,ところが,tokoroga,뜻 자동 생성 필요,미분류,N3
何故なら,なぜなら,nazenara,뜻 자동 생성 필요,미분류,N3
ジェット機,ジェットき,jiettoki,뜻 자동 생성 필요,미분류,N3
悪戯,いたずら,itazura,뜻 자동 생성 필요,미분류,N3
案,あん,an,뜻 자동 생성 필요,미분류,N3
位,くらい,kurai,뜻 자동 생성 필요,미분류,N3
隠れる,かくれる,kakureru,뜻 자동 생성 필요,미분류,N3
羽,はね,hane,뜻 자동 생성 필요,미분류,N3
可愛らしい,かわいらしい,kawairashii,뜻 자동 생성 필요,미분류,N3
解く,とく,toku,뜻 자동 생성 필요,미분류,N3
解ける,とける,tokeru,뜻 자동 생성 필요,미분류,N3
怪我,けが,kega,뜻 자동 생성 필요,미분류,N3
灰,はい,hai,뜻 자동 생성 필요,미분류,N3
額,ひたい,hitai,뜻 자동 생성 필요,미분류,N3
堪らない,たまらない,tamaranai,뜻 자동 생성 필요,미분류,N3
間,ま,ma,뜻 자동 생성 필요,미분류,N3
丸,まる,maru,뜻 자동 생성 필요,미분류,N3
丸で,まるで,marude,뜻 자동 생성 필요,미분류,N3
嬉しい,うれしい,ureshii,뜻 자동 생성 필요,미분류,N3
輝く,かがやく,kagayaku,뜻 자동 생성 필요,미분류,N3
宜しい,よろしい,yoroshii,뜻 자동 생성 필요,미분류,N3
宜しく,よろしく,yoroshiku,뜻 자동 생성 필요,미분류,N3
詰める,つめる,tsumeru,뜻 자동 생성 필요,미분류,N3
求める,もとめる,motomeru,뜻 자동 생성 필요,미분류,N3
旧,きゅう,kyuu,뜻 자동 생성 필요,미분류,N3
僅か,わずか,wazuka,뜻 자동 생성 필요,미분류,N3
近頃,ちかごろ,chikagoro,뜻 자동 생성 필요,미분류,N3
金,きん,kin,뜻 자동 생성 필요,미분류,N3
繋ぐ,つなぐ,tsunagu,뜻 자동 생성 필요,미분류,N3
欠ける,かける,kakeru,뜻 자동 생성 필요,미분류,N3
月,つき,tsuki,뜻 자동 생성 필요,미분류,N3
県,けん,ken,뜻 자동 생성 필요,미분류,N3
現れる,あらわれる,arawareru,뜻 자동 생성 필요,미분류,N3
諺,ことわざ,kotowaza,뜻 자동 생성 필요,미분류,N3
後,のち,nochi,뜻 자동 생성 필요,미분류,N3
向く,むく,muku,뜻 자동 생성 필요,미분류,N3
向ける,むける,mukeru,뜻 자동 생성 필요,미분류,N3
今にも,いまにも,imanimo,뜻 자동 생성 필요,미분류,N3
済ませる,すませる,sumaseru,뜻 자동 생성 필요,미분류,N3
済みません,すみません,sumimasen,뜻 자동 생성 필요,미분류,N3
札,さつ,satsu,뜻 자동 생성 필요,미분류,N3
市,いち,ichi,뜻 자동 생성 필요,미분류,N3
支える,ささえる,sasaeru,뜻 자동 생성 필요,미분류,N3
止す,よす,yosu,뜻 자동 생성 필요,미분류,N3
止める,とめる,tomeru,뜻 자동 생성 필요,미분류,N3
式,しき,shiki,뜻 자동 생성 필요,미분류,N3
叱る,しかる,shikaru,뜻 자동 생성 필요,미분류,N3
者,もの,mono,뜻 자동 생성 필요,미분류,N3
取れる,とれる,toreru,뜻 자동 생성 필요,미분류,N3
就く,つく,tsuku,뜻 자동 생성 필요,미분류,N3
臭い,くさい,kusai,뜻 자동 생성 필요,미분류,N3
従兄弟,いとこ,itoko,뜻 자동 생성 필요,미분류,N3
所謂,いわゆる,iwayuru,뜻 자동 생성 필요,미분류,N3
除く,のぞく,nozoku,뜻 자동 생성 필요,미분류,N3
少しも,すこしも,sukoshi mo,뜻 자동 생성 필요,미분류,N3
招く,まねく,maneku,뜻 자동 생성 필요,미분류,N3
省く,はぶく,habuku,뜻 자동 생성 필요,미분류,N3
上,じょう,jou,뜻 자동 생성 필요,미분류,N3
場,ば,ba,뜻 자동 생성 필요,미분류,N3
触れる,ふれる,fureru,뜻 자동 생성 필요,미분류,N3
伸びる,のびる,nobiru,뜻 자동 생성 필요,미분류,N3
真逆,まさか,masaka,뜻 자동 생성 필요,미분류,N3
辛い,つらい,tsurai,뜻 자동 생성 필요,미분류,N3
進める,すすめる,susumeru,뜻 자동 생성 필요,미분류,N3
震える,ふるえる,furueru,뜻 자동 생성 필요,미분류,N3
遂に,ついに,tsuini,뜻 자동 생성 필요,미분류,N3
性,せい,sei,뜻 자동 생성 필요,미분류,N3
生憎,あいにく,ainiku,뜻 자동 생성 필요,미분류,N3
切れ,きれ,kire,뜻 자동 생성 필요,미분류,N3
切れる,きれる,kireru,뜻 자동 생성 필요,미분류,N3
説,せつ,setsu,뜻 자동 생성 필요,미분류,N3
先ず,まず,mazu,뜻 자동 생성 필요,미분류,N3
占める,しめる,shimeru,뜻 자동 생성 필요,미분류,N3
全く,まったく,mattaku,뜻 자동 생성 필요,미분류,N3
対,つい,tsui,뜻 자동 생성 필요,미분류,N3
帯,おび,obi,뜻 자동 생성 필요,미분류,N3
怠ける,なまける,namakeru,뜻 자동 생성 필요,미분류,N3
頂きます,いただきます,itadakimasu,뜻 자동 생성 필요,미분류,N3
大した,たいした,taishita,뜻 자동 생성 필요,미분류,N3
叩く,たたく,tataku,뜻 자동 생성 필요,미분류,N3
知らせ,しらせ,shirase,뜻 자동 생성 필요,미분류,N3
喋る,しゃべる,shaberu,뜻 자동 생성 필요,미분류,N3
直に,じかに,jikani,뜻 자동 생성 필요,미분류,N3
通す,とおす,toosu,뜻 자동 생성 필요,미분류,N3
通り,とおり,toori,뜻 자동 생성 필요,미분류,N3
掴む,つかむ,tsukamu,뜻 자동 생성 필요,미분류,N3
諦める,あきらめる,akirameru,뜻 자동 생성 필요,미분류,N3
溺れる,おぼれる,oboreru,뜻 자동 생성 필요,미분류,N3
田,た,ta,뜻 자동 생성 필요,미분류,N3
度,ど,do,뜻 자동 생성 필요,미분류,N3
銅貨,どうか,douka,뜻 자동 생성 필요,미분류,N3
届く,とどく,todoku,뜻 자동 생성 필요,미분류,N3
任せる,まかせる,makaseru,뜻 자동 생성 필요,미분류,N3
売れる,うれる,ureru,뜻 자동 생성 필요,미분류,N3
莫大,ばくだい,bakudai,뜻 자동 생성 필요,미분류,N3
抜く,ぬく,nuku,뜻 자동 생성 필요,미분류,N3
抜ける,ぬける,nukeru,뜻 자동 생성 필요,미분류,N3
微笑む,ほほえむ,hohoemu,뜻 자동 생성 필요,미분류,N3
表,ひょう,hyou,뜻 자동 생성 필요,미분류,N3
付ける,つける,tsukeru,뜻 자동 생성 필요,미분류,N3
平ら,たいら,taira,뜻 자동 생성 필요,미분류,N3
法,ほう,hou,뜻 자동 생성 필요,미분류,N3
凡そ,およそ,oyoso,뜻 자동 생성 필요,미분류,N3
綿,めん,men,뜻 자동 생성 필요,미분류,N3
勿論,もちろん,mochiron,뜻 자동 생성 필요,미분류,N3
只,ただ,tada,뜻 자동 생성 필요,미분류,N3
優れる,すぐれる,sugureru,뜻 자동 생성 필요,미분류,N3
率,りつ,ritsu,뜻 자동 생성 필요,미분류,N3
量,りょう,ryou,뜻 자동 생성 필요,미분류,N3
唸る,うなる,unaru,뜻 자동 생성 필요,미분류,N3
埃,ほこり,hokori,뜻 자동 생성 필요,미분류,N3
鋏,はさみ,hasami,뜻 자동 생성 필요,미분류,N3
何時でも,いつでも,itsudemo,뜻 자동 생성 필요,미분류,N3
数,すう,suu,뜻 자동 생성 필요,미분류,N3
避ける,さける,sakeru,뜻 자동 생성 필요,미분류,N3
描く,えがく,egaku,뜻 자동 생성 필요,미분류,N3
抱く,いだく,idaku,뜻 자동 생성 필요,미분류,N3
方々,ほうぼう,houbou,뜻 자동 생성 필요,미분류,N3
空く,すく,suku,뜻 자동 생성 필요,미분류,N3
或いは,あるいは,aruiha,뜻 자동 생성 필요,미분류,N3
頂く,いただく,itadaku,뜻 자동 생성 필요,미분류,N3
苛々,いらいら,iraira,뜻 자동 생성 필요,미분류,N3
得る,える,eru,뜻 자동 생성 필요,미분류,N3
下ろす,おろす,orosu,뜻 자동 생성 필요,미분류,N3
替える,かえる,kaeru,뜻 자동 생성 필요,미분류,N3
陰,かげ,kage,뜻 자동 생성 필요,미분류,N3
籠,かご,kago,뜻 자동 생성 필요,미분류,N3
効く,きく,kiku,뜻 자동 생성 필요,미분류,N3
全て,すべて,subete,뜻 자동 생성 필요,미분류,N3
精々,せいぜい,seizei,뜻 자동 생성 필요,미분류,N3
戦う,たたかう,tatakau,뜻 자동 생성 필요,미분류,N3
計る,はかる,hakaru,뜻 자동 생성 필요,미분류,N3
吠える,ほえる,hoeru,뜻 자동 생성 필요,미분류,N3
益々,ますます,masumasu,뜻 자동 생성 필요,미분류,N3
寧ろ,むしろ,mushiro,뜻 자동 생성 필요,미분류,N3
一度に,いちどに,ichidoni,뜻 자동 생성 필요,미분류,N3
生まれ,うまれ,umare,뜻 자동 생성 필요,미분류,N3
罹る,かかる,kakaru,뜻 자동 생성 필요,미분류,N3
違いない,ちがいない,chigainai,뜻 자동 생성 필요,미분류,N3
滅多に,めったに,mettani,뜻 자동 생성 필요,미분류,N3
若しも,もしも,moshimo,뜻 자동 생성 필요,미분류,N3
轢く,ひく,hiku,뜻 자동 생성 필요,미분류,N3
注ぐ,つぐ,tsugu,뜻 자동 생성 필요,미분류,N3
だって,vocabulary,vocabulary,뜻 자동 생성 필요,미분류,N3
品,ひん,hin,뜻 자동 생성 필요,미분류,N3
回り,まわり,mawari,뜻 자동 생성 필요,미분류,N3
身体,しんたい,shintai,뜻 자동 생성 필요,미분류,N3
故郷,こきょう,kokyou,뜻 자동 생성 필요,미분류,N3
これ等,これら,korera,뜻 자동 생성 필요,미분류,N3
我儘,わがまま,wagamama,뜻 자동 생성 필요,미분류,N3
上手い,うまい,umai,뜻 자동 생성 필요,미분류,N3
人ごみ,ひとごみ,hitogomi,뜻 자동 생성 필요,미분류,N3
大家,おおや,ooya,뜻 자동 생성 필요,미분류,N3
男の人,おとこのひと,otokonohito,뜻 자동 생성 필요,미분류,N3
可哀想,かわいそう,kawaisou,뜻 자동 생성 필요,미분류,N3
気づく,きづく,kizuku,뜻 자동 생성 필요,미분류,N3
中々,なかなか,nakanaka,뜻 자동 생성 필요,미분류,N3
中,ちゅう,chuu,뜻 자동 생성 필요,미분류,N3
不,ふ,fu,뜻 자동 생성 필요,미분류,N3
番,ばん,ban,뜻 자동 생성 필요,미분류,N3
日,にち,nichi,뜻 자동 생성 필요,미분류,N3
小,しょう,shou,뜻 자동 생성 필요,미분류,N3
急に,きゅうに,kyuu ni,뜻 자동 생성 필요,미분류,N3
オーバー,オーバー,oba,뜻 자동 생성 필요,미분류,N3
カー,かー,ka,뜻 자동 생성 필요,미분류,N3
マスター,ますたー,masuta,뜻 자동 생성 필요,미분류,N3
仕舞った,しまった,shimatta,뜻 자동 생성 필요,미분류,N3
而して,そして,soshite,뜻 자동 생성 필요,미분류,N3
其れとも,それとも,soretomo,뜻 자동 생성 필요,미분류,N3
とんでも無い,とんでもない,tondemonai,뜻 자동 생성 필요,미분류,N3
軈て,やがて,yagate,뜻 자동 생성 필요,미분류,N3
欧羅巴,ヨーロッパ,yoroppa,뜻 자동 생성 필요,미분류,N3
何時か,いつか,itsuka,뜻 자동 생성 필요,미분류,N3
何時までも,いつまでも,itsumademo,뜻 자동 생성 필요,미분류,N3
何処か,どこか,dokoka,뜻 자동 생성 필요,미분류,N3
吃驚,びっくり,bikkuri,뜻 자동 생성 필요,미분류,N3
御免なさい,ごめんなさい,gomennasai,뜻 자동 생성 필요,미분류,N3
御目出度う,おめでとう,omedetou,뜻 자동 생성 필요,미분류,N3
仕舞う,しまう,shimau,뜻 자동 생성 필요,미분류,N3
州,す,su,뜻 자동 생성 필요,미분류,N3
所で,ところで,tokorode,뜻 자동 생성 필요,미분류,N3
塵,ごみ,gomi,뜻 자동 생성 필요,미분류,N3
生地,せいち,seichi,뜻 자동 생성 필요,미분류,N3
其のまま,そのまま,sonomama,뜻 자동 생성 필요,미분류,N3
其れでも,それでも,soredemo,뜻 자동 생성 필요,미분류,N3
其処で,そこで,sokode,뜻 자동 생성 필요,미분류,N3
打つ,ぶつ,butsu,뜻 자동 생성 필요,미분류,N3
態と,わざと,wazato,뜻 자동 생성 필요,미분류,N3
直,なお,nao,뜻 자동 생성 필요,미분류,N3
兎に角,とにかく,tonikaku,뜻 자동 생성 필요,미분류,N3
屯,トン,ton,뜻 자동 생성 필요,미분류,N3
どうしても,vocabulary,vocabulary,뜻 자동 생성 필요,미분류,N3
不図,ふと,futo,뜻 자동 생성 필요,미분류,N3
尤も,もっとも,mottomo,뜻 자동 생성 필요,미분류,N3
率土,そっと,sotto,뜻 자동 생성 필요,미분류,N3
何れ,いずれ,izure,뜻 자동 생성 필요,미분류,N3
稍,やや,yaya,뜻 자동 생성 필요,미분류,N3
嗽,うがい,ugai,뜻 자동 생성 필요,미분류,N3
偖,さて,sate,뜻 자동 생성 필요,미분류,N3
凡ゆる,あらゆる,arayuru,뜻 자동 생성 필요,미분류,N3
有難う,ありがとう,arigatou,뜻 자동 생성 필요,미분류,N3
可也,かなり,kanari,뜻 자동 생성 필요,미분류,N3
其れ其れ,それぞれ,sorezore,뜻 자동 생성 필요,미분류,N3
偶々,たまたま,tamatama,뜻 자동 생성 필요,미분류,N3
所為,せい,sei,뜻 자동 생성 필요,미분류,N3
彼方此方,あちこち,achikochi,뜻 자동 생성 필요,미분류,N3
極,きょく,kyoku,뜻 자동 생성 필요,미분류,N3
お互い,おたがい,otagai,뜻 자동 생성 필요,미분류,N3
訳,やく,yaku,뜻 자동 생성 필요,미분류,N3
下,しも,shimo,뜻 자동 생성 필요,미분류,N3
税,ぜい,zei,뜻 자동 생성 필요,미분류,N3
ケチ,けち,kechi,뜻 자동 생성 필요,미분류,N3
無,ぶ,bu,뜻 자동 생성 필요,미분류,N3
矢張り,やはり,yahari,뜻 자동 생성 필요,미분류,N3
出来れば,できれば,dekireba,뜻 자동 생성 필요,미분류,N3
